amount	time	device	location	fraud
1227	22	0	0	0
2712	8	1	0	0
15221	1	2	3	1
10128	23	3	4	1
378	11	2	2	0
3708	22	1	2	0
1881	21	1	0	0
14819	3	2	2	1
1472	16	0	0	0
38654	2	3	4	1
993	11	0	0	0
3452	18	0	1	0
388	13	0	0	0
24069	0	3	4	1
2686	13	1	0	0
936	6	0	0	0
23040	2	3	2	1
3703	7	1	0	0
3362	17	0	0	0
3047	15	0	0	0
37840	23	2	4	1
647	21	0	0	0
3040	19	0	0	0
10596	4	3	4	1
4663	19	1	0	0
800	19	0	2	0
1958	7	1	0	0
4989	12	0	1	0
38370	3	3	4	1
433	19	0	0	0
13373	0	3	3	1
2607	18	2	1	0
18117	4	3	4	1
59890	0	3	3	1
40332	3	3	4	1
59753	2	2	4	1
41638	4	3	4	1
155	18	0	0	0
3184	14	0	0	0
248	17	0	0	0
169	7	1	0	0
1851	20	1	0	0
31796	3	3	2	1
46038	2	2	3	1
541	8	1	0	0
2058	11	1	0	0
2743	12	0	1	0
4200	15	0	1	0
2202	19	0	0	0
39366	2	3	4	1
2802	19	0	0	0
2713	13	1	0	0
3782	9	0	0	0
173	16	0	0	0
46936	4	3	3	1
3638	16	0	0	0
2049	14	1	0	0
4688	22	1	0	0
3293	14	1	1	0
4695	9	1	0	0
2273	17	0	0	0
40758	1	3	3	1
2863	22	1	0	0
856	16	0	0	0
4704	7	0	0	0
4954	11	1	0	0
3262	7	0	0	0
2526	9	0	0	0
10248	2	3	2	1
22827	0	3	3	1
2263	12	0	0	0
3837	7	2	0	0
4903	6	1	1	0
24270	2	3	4	1
1881	16	0	0	0
4518	19	0	0	0
19644	0	2	3	1
3933	10	0	1	0
2745	22	0	1	0
238	11	0	0	0
4944	10	0	0	0
10998	0	3	3	1
49283	0	2	3	1
1806	17	1	0	0
310	6	2	0	0
508	15	0	0	0
2881	7	0	0	0
1851	16	1	0	0
396	21	2	0	0
1670	7	0	1	0
2515	7	1	2	0
31717	1	3	3	1
53004	0	2	4	1
38085	1	3	3	1
30857	3	3	4	1
1922	16	0	2	0
1328	17	0	1	0
615	20	0	0	0
19358	4	3	4	1
1345	22	0	0	0
2394	6	0	0	0
39334	1	3	3	1
2505	13	1	0	0
2754	10	0	0	0
1918	9	1	1	0
1143	21	2	0	0
3991	9	2	1	0
2831	14	2	2	0
3755	15	0	0	0
57475	0	3	3	1
979	17	1	0	0
1985	18	0	0	0
1165	16	0	2	0
22639	23	3	4	1
3175	11	0	0	0
1210	12	0	1	0
11917	4	3	4	1
4901	10	1	1	0
1961	6	2	1	0
2400	16	1	1	0
2773	12	1	0	0
1744	10	1	0	0
3716	8	0	0	0
41069	0	2	4	1
3614	8	1	0	0
4201	9	1	0	0
3140	20	2	0	0
1262	10	0	2	0
29513	3	3	4	1
740	19	1	0	0
2909	17	0	0	0
3014	6	0	1	0
3963	7	1	0	0
2839	21	2	0	0
3649	20	0	0	0
3228	19	1	0	0
956	6	0	0	0
27011	1	3	3	1
21849	2	2	3	1
2875	9	1	0	0
47886	4	3	4	1
3581	18	1	0	0
798	18	0	0	0
36267	4	2	3	1
28680	2	3	4	1
48212	2	3	2	1
2043	10	0	0	0
1925	7	1	2	0
3018	7	0	0	0
18681	4	2	3	1
527	7	1	0	0
38389	0	3	3	1
36356	0	2	4	1
1901	8	0	2	0
4348	21	0	0	0
4335	11	1	0	0
1565	12	0	1	0
17584	4	3	4	1
977	18	0	0	0
464	21	2	0	0
118	6	2	0	0
4652	18	0	0	0
1353	8	2	1	0
3614	15	0	1	0
271	17	1	1	0
33265	3	2	3	1
48273	2	3	3	1
1722	10	1	0	0
1621	20	0	0	0
4615	17	0	0	0
34831	23	2	4	1
866	19	0	0	0
39506	3	2	2	1
464	16	1	2	0
13712	2	2	4	1
17122	23	2	2	1
3571	15	0	0	0
1464	21	0	0	0
4477	10	1	0	0
986	12	0	1	0
4936	15	1	1	0
26559	2	3	3	1
1106	6	0	0	0
2211	12	1	1	0
22004	3	2	4	1
1178	9	1	0	0
1861	9	2	0	0
1084	11	0	1	0
705	15	0	0	0
22061	0	3	4	1
2150	18	1	0	0
3417	9	0	0	0
678	6	0	0	0
437	22	0	0	0
4554	14	0	0	0
970	7	0	0	0
2227	19	0	2	0
24821	0	2	4	1
1961	10	0	0	0
4085	12	1	2	0
259	9	0	2	0
51367	4	3	4	1
3637	9	0	0	0
4886	14	1	0	0
1582	16	0	0	0
1576	20	0	1	0
1223	20	0	1	0
3579	8	2	2	0
4963	17	0	1	0
4879	9	0	0	0
1310	17	0	0	0
2555	18	0	0	0
4471	18	0	0	0
738	13	0	0	0
505	20	2	1	0
4109	7	1	1	0
3393	19	0	0	0
416	22	0	0	0
2125	22	2	0	0
2231	22	0	0	0
32955	0	3	4	1
1225	10	0	0	0
29454	3	2	2	1
3647	20	0	2	0
4486	18	2	0	0
1248	9	1	0	0
4226	11	0	0	0
2295	13	1	0	0
685	7	2	0	0
1004	6	0	0	0
1134	12	0	0	0
3388	8	2	0	0
2057	12	0	0	0
3922	13	0	0	0
2538	6	0	0	0
33065	2	3	3	1
427	20	0	1	0
22183	0	3	4	1
1884	18	1	0	0
34493	23	3	4	1
1217	22	1	0	0
2920	15	0	0	0
1746	20	1	0	0
2005	12	0	0	0
25531	1	3	2	1
40232	1	3	2	1
36619	1	2	4	1
513	11	0	0	0
2008	6	0	0	0
1670	7	0	1	0
3305	14	0	0	0
1447	20	0	0	0
50768	1	2	3	1
4112	15	0	1	0
236	21	0	0	0
1642	17	0	0	0
1175	14	1	0	0
43116	1	2	4	1
4252	21	1	2	0
4283	17	0	0	0
1532	11	0	0	0
2592	7	0	0	0
4381	6	0	0	0
28050	3	2	4	1
405	20	0	0	0
1302	18	1	2	0
666	22	0	0	0
44346	3	3	4	1
3283	18	0	1	0
4286	16	0	0	0
3578	19	0	0	0
1032	16	0	0	0
3845	11	0	0	0
4616	16	1	0	0
378	12	1	0	0
4026	17	0	0	0
877	12	2	0	0
4694	10	1	0	0
2339	15	2	0	0
2772	20	1	0	0
2165	10	2	0	0
48093	4	2	4	1
57789	23	3	2	1
3300	6	0	2	0
1048	8	1	0	0
4543	8	1	0	0
795	17	0	1	0
2377	20	2	1	0
2261	22	0	0	0
2179	9	0	1	0
2688	8	0	0	0
1365	18	0	0	0
104	9	0	0	0
2338	11	0	0	0
3544	22	0	0	0
1634	15	0	1	0
1976	21	0	0	0
171	16	1	0	0
2697	16	1	0	0
3443	9	1	0	0
51841	2	3	4	1
1832	15	0	1	0
2233	12	0	2	0
14201	2	3	4	1
58821	0	2	4	1
906	7	0	0	0
14132	0	3	4	1
10587	4	3	3	1
52535	2	3	3	1
2426	7	1	1	0
187	20	0	0	0
3350	7	0	0	0
2976	7	1	2	0
4365	16	0	0	0
4297	18	0	1	0
775	9	0	0	0
721	6	0	1	0
249	13	1	2	0
52301	2	3	3	1
55228	0	2	3	1
244	22	1	0	0
44148	23	2	4	1
4650	11	0	0	0
281	22	1	1	0
2838	17	0	2	0
47366	23	3	4	1
12045	4	2	4	1
4822	15	0	0	0
4123	16	2	0	0
37044	3	3	4	1
3923	19	0	1	0
4310	12	0	0	0
1871	10	0	0	0
4952	19	0	0	0
48651	0	2	3	1
3089	9	2	0	0
51999	0	3	2	1
3946	13	1	0	0
3205	13	2	0	0
4733	9	1	1	0
4598	22	0	0	0
49833	4	3	3	1
4180	18	0	0	0
50424	23	3	3	1
2276	15	0	0	0
1317	13	1	0	0
1442	19	1	0	0
4888	15	0	1	0
2691	21	1	0	0
3018	14	0	1	0
4983	10	0	0	0
4547	6	0	0	0
2064	9	0	1	0
3804	22	1	1	0
1778	21	0	1	0
3563	12	0	0	0
2519	13	0	0	0
2158	20	0	0	0
32137	0	3	3	1
2474	12	2	0	0
4899	12	2	0	0
3771	7	0	0	0
53893	2	3	2	1
1687	7	0	0	0
3081	7	2	0	0
3244	12	0	0	0
1292	9	0	0	0
2322	15	0	1	0
3848	16	0	1	0
4157	22	2	0	0
27700	3	3	3	1
2238	22	0	0	0
4291	22	0	2	0
639	13	0	1	0
2154	9	0	0	0
2107	18	0	1	0
4468	16	0	0	0
4553	20	0	1	0
3164	17	1	1	0
520	21	0	1	0
3294	6	1	0	0
3450	10	2	0	0
1398	13	0	0	0
2618	22	0	0	0
3560	8	1	0	0
846	14	0	0	0
4214	10	0	0	0
2532	17	0	1	0
49838	0	2	4	1
2116	21	0	0	0
2322	13	0	0	0
3116	22	0	0	0
1101	10	1	0	0
11581	3	2	3	1
2441	9	0	0	0
1751	10	1	0	0
2847	19	1	1	0
2911	13	0	2	0
3213	20	0	1	0
3007	8	0	1	0
3329	16	0	0	0
1273	19	1	0	0
209	10	2	0	0
54213	1	3	4	1
56495	0	3	4	1
2636	11	0	2	0
2805	20	1	0	0
25613	2	3	4	1
37713	3	3	4	1
2926	11	1	0	0
4059	22	1	0	0
51295	3	3	2	1
2365	17	0	0	0
3246	6	1	1	0
4829	17	0	0	0
4373	15	0	0	0
11437	1	3	2	1
442	12	1	0	0
205	20	0	0	0
4090	18	0	2	0
2514	18	2	0	0
2644	18	2	0	0
1395	15	0	0	0
3129	8	0	0	0
1805	11	0	0	0
806	22	1	0	0
4151	20	2	1	0
2749	6	2	1	0
3890	13	1	2	0
2685	15	2	0	0
13404	2	3	4	1
2809	16	1	1	0
2423	19	0	2	0
3156	14	1	0	0
1080	15	1	0	0
3250	12	0	0	0
3311	16	1	2	0
2249	8	0	0	0
233	9	1	1	0
41990	1	3	2	1
3450	9	2	0	0
4626	21	0	0	0
13881	3	3	3	1
1774	6	1	0	0
2865	9	0	0	0
4012	8	0	0	0
2751	14	1	0	0
4962	19	0	2	0
3198	19	1	0	0
1031	8	0	0	0
2826	14	0	1	0
4966	7	0	1	0
314	17	0	0	0
4525	21	0	0	0
3385	7	1	0	0
1260	10	2	0	0
19603	4	3	4	1
1060	19	0	0	0
2429	17	0	0	0
3975	12	2	2	0
50756	3	3	3	1
4556	13	0	0	0
4095	6	1	0	0
29045	23	3	4	1
58539	2	3	4	1
36871	3	3	4	1
3957	20	0	1	0
2090	21	0	0	0
1929	6	0	0	0
42109	1	2	3	1
25432	2	2	4	1
49585	3	3	4	1
3813	21	0	0	0
2367	7	1	1	0
4648	9	1	0	0
2484	17	0	0	0
4169	22	1	0	0
45145	0	2	4	1
42991	1	3	4	1
20795	3	3	4	1
1973	8	1	0	0
3781	8	0	0	0
1304	8	0	1	0
4204	18	2	0	0
4682	7	0	0	0
1986	20	0	0	0
23926	1	2	3	1
3558	17	0	0	0
387	15	0	2	0
1147	8	0	0	0
3143	17	0	0	0
54267	4	3	4	1
3929	12	1	0	0
3029	12	0	0	0
1659	11	1	0	0
1591	7	0	0	0
4077	13	1	2	0
46618	2	3	4	1
32590	1	3	4	1
2331	13	0	1	0
1196	14	0	0	0
21325	3	3	4	1
4642	20	2	0	0
1836	21	0	1	0
1776	9	2	0	0
4395	18	1	0	0
2405	13	1	0	0
24272	23	3	4	1
32680	4	3	4	1
2254	22	1	0	0
722	19	0	0	0
2060	10	2	2	0
3311	19	1	0	0
2806	6	0	1	0
4729	13	0	0	0
278	17	0	0	0
2927	22	1	0	0
2574	14	0	0	0
710	22	0	0	0
312	15	0	2	0
167	8	1	1	0
26491	2	3	4	1
46213	0	3	3	1
36450	3	2	3	1
3347	13	0	1	0
437	18	0	2	0
1412	7	2	0	0
21030	23	3	4	1
3589	16	0	0	0
3843	9	1	1	0
428	14	0	0	0
21902	23	3	2	1
1946	6	0	1	0
4490	19	2	1	0
381	15	0	0	0
4694	9	0	0	0
366	6	0	1	0
2180	10	0	0	0
50948	1	3	2	1
4716	10	1	0	0
3151	9	0	0	0
2481	21	1	2	0
33693	1	3	2	1
610	16	0	1	0
41672	0	3	4	1
4308	14	1	0	0
4548	9	0	0	0
3144	17	1	1	0
22146	1	3	4	1
4098	15	0	0	0
256	21	2	0	0
19621	1	2	4	1
35253	1	3	4	1
770	8	0	0	0
887	14	0	1	0
3081	6	2	0	0
34069	2	3	4	1
4110	17	1	2	0
38162	23	3	4	1
3298	8	1	0	0
46772	0	3	4	1
3069	13	1	0	0
4817	14	0	0	0
42978	2	3	4	1
2303	8	0	1	0
3909	19	1	0	0
957	14	0	1	0
3708	22	1	0	0
27633	4	2	3	1
4447	10	0	2	0
150	16	0	1	0
1809	22	1	0	0
1852	17	1	1	0
34731	23	2	4	1
2312	8	0	0	0
4380	22	2	1	0
1793	19	0	0	0
2020	14	1	0	0
3804	16	1	1	0
55200	1	2	3	1
3020	11	0	0	0
441	19	1	2	0
3441	19	0	0	0
1685	9	1	1	0
2992	9	0	0	0
2104	19	0	0	0
4672	18	0	0	0
2669	8	1	0	0
2094	13	1	0	0
1559	7	1	0	0
1087	17	1	1	0
3247	17	1	0	0
14369	2	2	3	1
126	19	0	0	0
2128	8	0	0	0
752	19	0	0	0
3884	16	0	1	0
4972	7	0	0	0
11689	23	3	4	1
4299	10	0	1	0
4958	18	0	2	0
4859	19	1	0	0
1289	8	0	0	0
3617	17	0	1	0
3292	12	0	0	0
1038	13	0	0	0
2846	18	0	1	0
4057	22	0	2	0
3018	14	1	0	0
2301	21	0	2	0
257	14	0	0	0
59731	4	3	4	1
1484	21	2	0	0
45466	2	3	4	1
15721	0	3	3	1
20007	4	3	2	1
4797	21	2	0	0
18552	2	3	4	1
1608	19	1	1	0
2131	8	0	0	0
573	10	1	0	0
58845	0	2	4	1
4649	16	0	0	0
2993	21	0	0	0
3458	20	0	1	0
3104	15	1	0	0
2506	18	0	1	0
10820	1	3	4	1
4521	14	0	1	0
2154	11	0	0	0
39595	1	2	3	1
4834	14	0	0	0
1461	13	1	0	0
2662	18	1	0	0
40359	0	3	3	1
4242	14	1	1	0
262	16	0	0	0
3785	11	0	0	0
3433	20	0	1	0
52037	1	2	4	1
1724	10	0	0	0
2691	20	0	2	0
4195	7	1	0	0
12912	3	3	3	1
3553	16	0	0	0
4977	19	1	0	0
37375	23	3	3	1
49055	2	3	4	1
609	12	0	0	0
44845	4	3	4	1
932	9	0	1	0
3964	19	2	0	0
4233	8	0	0	0
2735	21	0	0	0
183	22	0	0	0
2790	12	0	0	0
2783	18	0	0	0
1826	7	0	0	0
1667	15	2	1	0
44297	4	3	4	1
58781	2	2	2	1
1000	10	1	0	0
3551	11	0	1	0
2789	11	1	0	0
3361	20	0	1	0
15913	2	2	4	1
30762	2	3	2	1
35844	0	2	2	1
4811	7	0	0	0
3091	22	1	0	0
2689	16	0	0	0
49005	3	2	3	1
1114	6	0	2	0
1391	8	0	1	0
2535	12	1	2	0
34763	1	3	4	1
4681	6	1	0	0
20761	2	3	4	1
11683	23	3	3	1
1646	20	0	1	0
4095	18	0	1	0
3785	14	0	0	0
25571	1	3	4	1
1272	16	1	0	0
650	9	0	0	0
10490	23	3	4	1
39057	2	3	4	1
3445	16	1	0	0
13917	4	3	3	1
3179	10	0	1	0
2330	7	1	1	0
3994	16	1	0	0
20258	3	2	4	1
772	13	1	0	0
16488	2	3	4	1
4985	17	0	0	0
189	20	0	0	0
24709	3	3	3	1
51265	2	3	4	1
2562	6	0	0	0
4557	6	0	0	0
2375	16	1	2	0
2522	7	0	0	0
4950	11	0	2	0
48050	2	3	3	1
2882	12	1	2	0
35299	23	3	2	1
3663	7	1	0	0
3276	13	1	0	0
3504	10	0	0	0
3751	11	1	0	0
794	13	0	0	0
3740	10	0	0	0
3618	13	0	0	0
56905	3	3	2	1
3358	6	0	1	0
3500	9	1	1	0
695	8	0	0	0
13491	3	3	4	1
25957	2	2	4	1
1735	13	1	0	0
4361	8	0	2	0
3524	13	0	0	0
2996	6	0	0	0
4584	16	2	0	0
3605	9	0	1	0
4942	9	0	2	0
2719	13	1	0	0
19157	3	3	4	1
1719	12	2	1	0
2561	16	0	0	0
2839	20	1	0	0
3855	20	1	0	0
398	15	2	0	0
2075	13	0	0	0
1601	6	0	0	0
2337	22	0	0	0
1282	21	1	0	0
4062	10	1	0	0
1636	16	2	1	0
3424	10	0	1	0
552	13	0	0	0
2394	15	0	0	0
1223	22	0	0	0
37058	1	3	4	1
1966	13	0	0	0
44027	1	3	4	1
3889	13	1	0	0
442	13	1	0	0
25031	0	3	3	1
44999	4	3	4	1
51801	3	3	2	1
4936	16	1	0	0
1705	8	0	0	0
3974	19	2	1	0
4739	8	0	0	0
37367	3	2	3	1
656	10	0	0	0
36000	23	2	3	1
1766	9	0	1	0
30375	1	3	2	1
4688	8	2	0	0
2889	16	0	2	0
3677	14	0	1	0
21601	2	3	3	1
1426	12	0	0	0
1708	19	0	0	0
4650	15	0	0	0
2267	15	1	0	0
1002	10	2	0	0
4813	15	1	0	0
157	22	0	1	0
4294	10	0	0	0
1728	9	0	0	0
918	13	0	0	0
14403	1	3	3	1
1722	9	1	1	0
53885	3	3	2	1
1116	6	1	0	0
1654	18	0	0	0
1786	19	1	0	0
4753	6	0	1	0
28704	2	3	4	1
4778	19	0	0	0
965	19	0	1	0
18319	3	3	3	1
42111	23	3	4	1
3471	11	0	0	0
3597	13	0	1	0
3458	13	0	1	0
4951	11	0	0	0
2050	18	1	0	0
1158	17	0	1	0
495	15	0	2	0
33945	3	3	4	1
2617	15	0	0	0
1692	19	1	0	0
2256	20	0	0	0
2757	11	0	1	0
52236	1	3	4	1
39778	3	3	2	1
30632	4	2	2	1
4096	17	1	0	0
1637	18	0	0	0
1489	17	1	0	0
4660	8	0	1	0
443	21	0	0	0
37404	2	3	3	1
786	13	0	2	0
2712	8	0	0	0
3881	8	0	0	0
4843	13	1	0	0
3089	18	1	2	0
18060	2	3	4	1
28551	0	3	3	1
23594	3	3	4	1
743	14	1	0	0
1723	10	0	0	0
4225	7	0	1	0
4286	20	1	2	0
24690	2	3	3	1
449	20	0	0	0
4492	13	1	0	0
909	6	0	0	0
3146	10	0	0	0
444	15	1	2	0
156	16	0	0	0
883	9	0	0	0
967	9	0	0	0
443	21	0	0	0
4186	8	0	0	0
594	9	0	0	0
4848	9	1	0	0
38454	0	2	3	1
37520	1	3	3	1
2444	13	0	1	0
4454	19	1	0	0
33166	23	3	4	1
2739	7	0	2	0
52079	23	3	3	1
4084	17	0	0	0
4254	7	0	0	0
3655	21	0	2	0
1247	14	0	0	0
1198	21	0	0	0
4752	16	2	0	0
1795	8	0	0	0
1387	22	1	0	0
24387	3	2	3	1
16979	1	2	4	1
725	8	1	0	0
3718	21	0	0	0
4100	18	1	0	0
157	19	0	0	0
34508	2	2	4	1
2529	18	0	2	0
4971	12	0	2	0
2954	21	0	1	0
4994	11	1	0	0
10971	1	3	4	1
2657	8	0	0	0
58493	4	3	4	1
1084	10	0	1	0
3494	11	0	0	0
26699	2	2	3	1
26035	2	2	2	1
1438	8	2	0	0
2082	8	1	0	0
55432	0	2	4	1
4661	14	0	0	0
44556	3	2	4	1
1017	7	0	0	0
4012	13	1	0	0
2183	8	0	2	0
2039	10	1	0	0
59027	1	3	4	1
1269	7	0	0	0
2366	13	0	1	0
15528	2	3	2	1
3992	16	1	0	0
4291	10	1	0	0
2374	20	0	1	0
25948	23	2	4	1
1614	11	0	0	0
36186	4	2	2	1
14389	2	3	4	1
1339	9	0	0	0
2564	7	0	0	0
2840	7	1	0	0
1820	7	1	1	0
4996	11	0	0	0
2185	9	0	0	0
55842	3	3	3	1
2709	15	0	2	0
1364	6	1	0	0
4782	19	0	0	0
630	18	0	0	0
15904	2	3	4	1
3686	6	0	0	0
11790	3	2	4	1
305	21	0	0	0
4459	21	1	0	0
3262	11	0	0	0
4136	15	0	0	0
543	18	1	0	0
23096	2	3	4	1
13219	0	2	2	1
30037	23	2	2	1
2776	19	1	2	0
52814	23	3	3	1
1899	16	0	1	0
3559	19	1	0	0
23161	1	2	4	1
1761	20	1	0	0
2179	14	1	0	0
3457	16	1	0	0
19242	0	3	4	1
2623	13	1	2	0
41733	1	3	4	1
167	21	0	0	0
2156	22	1	1	0
3504	14	0	0	0
1713	8	0	0	0
18129	23	3	2	1
4870	21	1	0	0
14731	0	3	2	1
2175	15	1	1	0
2888	14	2	0	0
239	11	1	0	0
2939	10	2	0	0
10696	23	2	3	1
3763	21	1	0	0
1783	15	0	0	0
2340	15	1	0	0
3389	10	0	1	0
45201	23	3	2	1
2428	13	0	0	0
320	18	1	0	0
19750	4	3	4	1
29851	0	3	3	1
3524	9	1	1	0
3834	20	0	1	0
4973	21	1	2	0
3494	19	1	2	0
3129	14	0	0	0
2356	6	0	0	0
197	17	0	0	0
3490	9	1	0	0
56998	0	3	3	1
1100	15	0	0	0
21170	0	3	2	1
1216	14	1	0	0
4565	22	1	0	0
27259	0	3	4	1
1340	10	0	0	0
4496	14	1	0	0
1960	6	1	0	0
1140	19	0	0	0
19828	0	3	4	1
1856	8	0	0	0
47083	4	3	3	1
2831	6	2	1	0
3318	14	1	0	0
3153	13	0	0	0
1248	9	2	0	0
36492	2	3	2	1
1041	18	1	0	0
651	8	0	0	0
29905	4	3	4	1
758	6	0	0	0
2058	20	0	0	0
4840	19	0	0	0
34104	23	3	4	1
3988	16	0	0	0
1857	22	0	0	0
4528	7	1	0	0
4657	20	2	0	0
4972	8	1	0	0
2719	13	1	0	0
947	8	0	0	0
4828	9	0	0	0
2510	11	1	0	0
4126	17	2	0	0
2092	10	0	0	0
52403	2	3	4	1
4989	20	0	0	0
40879	2	3	4	1
288	19	0	0	0
2218	13	1	0	0
3289	20	1	1	0
2191	17	0	1	0
12761	4	3	4	1
3078	17	0	2	0
247	14	1	2	0
3383	6	0	1	0
52468	3	3	3	1
671	16	0	0	0
708	17	0	0	0
1943	15	0	0	0
4835	22	1	0	0
34509	3	3	2	1
30832	1	2	4	1
26784	2	2	4	1
2845	8	1	2	0
22763	23	2	2	1
4657	7	0	0	0
1013	19	1	1	0
1255	17	0	0	0
1305	15	1	0	0
168	13	2	0	0
319	6	1	0	0
2947	16	1	0	0
621	14	1	0	0
1623	8	1	1	0
338	17	0	0	0
3457	14	0	1	0
4842	21	0	1	0
4787	8	0	0	0
3424	16	1	0	0
3997	16	0	1	0
1619	20	1	0	0
1028	20	0	0	0
380	11	0	0	0
11057	2	3	4	1
21016	0	2	3	1
540	16	1	0	0
4673	15	0	0	0
1881	17	2	0	0
4303	20	0	2	0
369	7	2	0	0
50663	2	3	2	1
4620	13	0	0	0
2124	6	0	0	0
1819	20	1	0	0
4639	21	1	0	0
1245	17	0	0	0
144	8	1	1	0
23332	1	3	3	1
54169	0	3	4	1
11694	0	3	4	1
20548	0	3	4	1
40999	23	2	4	1
768	17	0	0	0
2042	13	0	1	0
4417	16	0	0	0
2771	12	1	0	0
19867	1	2	4	1
3899	9	0	0	0
1699	10	0	2	0
1753	14	0	0	0
3142	10	0	1	0
1621	16	1	0	0
628	17	0	0	0
2216	6	1	0	0
3408	18	0	0	0
17187	0	3	2	1
2567	20	0	0	0
296	21	0	0	0
4096	7	1	0	0
13202	23	2	4	1
3950	13	1	0	0
2087	14	0	0	0
978	10	2	0	0
42901	0	3	3	1
2165	15	0	1	0
1458	21	1	0	0
4553	22	1	0	0
4930	11	0	0	0
48890	3	2	2	1
832	22	1	0	0
4638	13	0	0	0
392	20	1	0	0
44110	0	3	4	1
3433	19	0	0	0
3543	18	0	0	0
37155	1	3	4	1
2899	17	0	0	0
3873	7	1	1	0
3903	19	0	1	0
1225	16	0	1	0
2297	11	0	1	0
30833	0	3	4	1
1253	7	0	2	0
47083	2	3	3	1
4994	12	2	2	0
4310	7	1	0	0
4752	21	1	0	0
1765	15	0	0	0
50934	1	3	3	1
4325	16	0	0	0
3595	21	0	0	0
4739	15	0	1	0
1367	19	2	0	0
849	14	0	0	0
46723	1	3	4	1
2025	8	0	1	0
14172	2	2	3	1
3640	16	1	0	0
1078	16	0	0	0
1204	7	0	1	0
53170	3	3	3	1
2618	7	0	2	0
1591	12	0	0	0
4688	15	0	0	0
2833	15	2	0	0
52571	23	3	4	1
3608	12	0	0	0
947	12	0	1	0
3139	17	0	0	0
3889	11	0	0	0
1362	21	0	0	0
1427	8	0	0	0
55426	1	2	2	1
2826	20	1	2	0
24090	3	3	2	1
58246	3	3	2	1
2086	18	2	0	0
3462	16	0	0	0
4869	6	1	2	0
3216	12	0	0	0
51380	3	2	4	1
4499	22	0	0	0
4393	14	1	0	0
22852	4	2	4	1
887	19	2	0	0
3144	14	1	1	0
1563	10	0	0	0
1753	20	1	0	0
28383	0	3	2	1
2466	17	1	1	0
227	8	0	0	0
191	6	0	1	0
217	21	0	0	0
1327	16	0	0	0
1516	19	0	1	0
653	22	0	0	0
2123	16	0	0	0
18531	23	3	3	1
20843	4	3	4	1
4150	10	0	0	0
4812	16	0	0	0
494	13	1	0	0
2946	19	0	0	0
1866	14	0	0	0
1056	21	0	0	0
45600	3	2	4	1
2795	20	2	0	0
350	11	1	0	0
713	21	0	0	0
346	12	1	0	0
12491	1	3	4	1
2650	22	1	0	0
42490	2	3	4	1
873	8	2	1	0
1023	7	0	0	0
2055	17	0	1	0
4444	22	0	0	0
278	15	0	2	0
2624	14	0	1	0
53328	0	3	3	1
1915	7	0	0	0
21121	3	2	2	1
2068	17	0	0	0
2407	13	0	2	0
492	10	0	0	0
2766	10	1	1	0
1308	6	0	0	0
799	7	0	1	0
4967	13	1	1	0
1987	17	0	1	0
1895	7	1	0	0
1469	20	0	0	0
797	11	0	0	0
1275	22	0	0	0
2203	22	0	0	0
56877	1	3	3	1
3354	8	0	0	0
50143	4	3	4	1
4912	18	0	0	0
4851	11	0	1	0
39350	0	3	3	1
2465	6	0	0	0
1067	16	0	0	0
2382	19	0	0	0
4986	16	1	0	0
3838	17	0	0	0
3708	21	1	0	0
2012	21	0	0	0
4344	17	1	0	0
3521	21	2	0	0
22945	4	3	3	1
19112	1	3	2	1
1840	9	2	0	0
45543	0	3	3	1
2487	17	0	1	0
3928	17	0	1	0
32258	3	3	4	1
2445	20	1	1	0
3348	18	0	1	0
4441	16	2	0	0
3632	19	0	0	0
3004	19	0	0	0
109	11	0	0	0
4595	7	2	0	0
2710	10	2	0	0
3625	9	1	0	0
3311	18	0	0	0
719	15	1	0	0
4481	20	1	0	0
1276	6	0	0	0
1603	17	1	0	0
1300	16	0	0	0
4123	19	0	0	0
56400	1	2	4	1
3421	21	1	1	0
2698	11	1	0	0
3589	7	1	0	0
27195	0	3	3	1
140	18	1	0	0
3986	19	0	0	0
515	19	0	2	0
28998	3	3	4	1
1547	22	1	0	0
35933	3	2	4	1
3084	21	2	0	0
3864	16	0	1	0
49963	2	3	3	1
33612	0	3	4	1
3792	14	0	0	0
1635	20	1	0	0
649	20	0	0	0
3978	10	0	0	0
4049	14	0	1	0
2501	9	1	0	0
3515	11	0	0	0
346	9	0	1	0
2661	14	0	2	0
285	12	0	1	0
51332	23	2	2	1
3697	21	0	0	0
4249	19	0	0	0
11103	0	2	4	1
4205	21	0	1	0
3655	10	0	1	0
4453	21	1	0	0
4269	12	1	0	0
3908	13	0	0	0
20488	23	3	4	1
15712	2	3	4	1
41651	0	3	3	1
2835	14	2	1	0
23135	3	3	2	1
3576	10	0	2	0
260	12	1	1	0
42954	3	3	3	1
2296	22	0	0	0
25263	23	3	2	1
3193	17	1	2	0
660	20	0	0	0
1379	11	1	2	0
42875	2	3	2	1
37355	0	3	4	1
3936	20	0	0	0
109	7	0	1	0
252	18	0	0	0
1578	14	0	0	0
3968	20	0	0	0
4317	17	0	0	0
3305	22	0	0	0
329	10	0	1	0
1018	13	1	0	0
22137	2	2	4	1
23557	3	2	4	1
3848	10	0	0	0
4102	16	0	1	0
2247	16	2	0	0
3049	14	2	0	0
3472	7	0	0	0
3573	12	0	0	0
1734	9	0	0	0
3673	15	0	0	0
15216	4	3	3	1
4718	17	2	0	0
10780	23	2	4	1
28799	0	3	4	1
2760	13	2	0	0
1091	22	1	0	0
42621	4	2	2	1
4421	19	0	0	0
3398	9	1	0	0
2617	14	1	0	0
1541	9	2	0	0
2212	9	0	0	0
3001	21	1	0	0
4083	13	1	0	0
2555	8	1	0	0
4716	16	0	1	0
295	6	1	0	0
1520	6	0	0	0
3596	9	1	1	0
57456	0	2	3	1
431	22	1	0	0
2207	22	0	0	0
1327	16	0	0	0
2219	22	2	0	0
3311	21	0	1	0
1539	16	1	1	0
3702	17	0	0	0
32904	1	3	4	1
3373	20	0	0	0
53093	2	3	2	1
30917	3	3	4	1
859	17	0	0	0
1539	8	2	0	0
1535	13	0	0	0
1652	19	0	0	0
4482	8	1	0	0
41710	23	2	3	1
45082	2	3	3	1
4734	20	0	0	0
3137	17	1	1	0
2727	20	2	0	0
22976	0	2	2	1
3759	18	2	2	0
32169	2	3	4	1
3498	7	0	0	0
706	6	0	1	0
14333	1	3	3	1
3074	20	0	0	0
463	17	0	0	0
4352	20	1	1	0
43298	2	2	4	1
1882	12	0	2	0
133	7	0	0	0
25238	3	2	4	1
399	11	1	0	0
27019	3	2	4	1
3048	22	0	0	0
55823	23	3	2	1
42573	3	3	2	1
2448	9	0	0	0
33054	2	3	3	1
52246	3	3	4	1
3322	7	0	1	0
40118	1	3	2	1
1013	10	0	1	0
4136	18	0	2	0
57985	23	3	4	1
4609	22	2	0	0
473	22	0	0	0
3751	20	0	0	0
1442	11	0	0	0
28817	1	3	3	1
1812	12	0	2	0
43544	3	3	4	1
683	9	0	1	0
27850	4	3	3	1
3675	17	0	0	0
4906	17	2	0	0
977	14	1	0	0
43102	2	3	4	1
1966	7	0	1	0
733	21	0	0	0
4534	14	0	1	0
1292	17	0	2	0
47947	0	3	4	1
3689	8	0	0	0
980	19	1	2	0
279	22	1	2	0
2931	20	0	0	0
3431	11	0	0	0
4327	14	0	0	0
678	9	0	1	0
2364	16	0	0	0
56890	0	3	3	1
4119	7	2	1	0
876	10	0	1	0
2925	21	1	0	0
3552	19	2	0	0
1666	8	0	0	0
1632	6	0	0	0
4628	17	0	2	0
14363	2	2	3	1
439	21	0	0	0
1928	11	2	1	0
4080	12	1	0	0
3182	22	1	0	0
4506	17	2	0	0
1928	20	0	0	0
2386	9	2	1	0
587	15	0	0	0
2521	7	0	0	0
42567	2	3	3	1
4202	14	0	2	0
3757	21	0	0	0
1549	19	1	0	0
1455	12	1	0	0
42254	3	3	4	1
3757	21	0	0	0
31186	0	2	3	1
34463	2	3	4	1
4811	8	1	1	0
38898	1	3	3	1
4258	17	1	0	0
4574	15	2	0	0
2481	13	0	1	0
4199	22	1	0	0
2932	16	1	0	0
1590	16	2	0	0
1213	22	1	0	0
34404	4	3	3	1
1052	7	2	1	0
4903	22	0	0	0
3493	17	0	0	0
2518	8	0	0	0
25420	0	3	3	1
58628	2	3	4	1
51699	1	3	3	1
4879	15	0	0	0
51422	1	3	4	1
3807	10	2	0	0
459	22	0	0	0
1714	19	0	0	0
3607	8	0	1	0
4635	9	2	0	0
3993	17	0	0	0
1418	6	0	0	0
4765	7	1	1	0
226	13	2	0	0
23638	1	3	4	1
1528	10	0	0	0
3825	10	0	0	0
1321	19	2	1	0
766	13	1	0	0
1551	12	0	0	0
3828	7	0	0	0
3679	16	0	0	0
1008	9	0	0	0
4881	13	1	1	0
47377	0	2	3	1
4417	21	0	0	0
4938	15	2	0	0
1751	6	0	0	0
2110	20	1	0	0
449	10	0	0	0
2408	8	0	0	0
2267	9	0	0	0
57113	3	3	4	1
326	7	0	0	0
55193	1	2	2	1
4786	12	0	0	0
3567	18	1	2	0
519	21	0	1	0
393	8	0	2	0
1611	6	1	1	0
4584	16	1	0	0
1772	8	0	0	0
4194	12	0	0	0
33884	1	3	3	1
4134	20	0	0	0
4789	21	1	1	0
2741	11	1	0	0
40092	3	3	4	1
53726	2	3	2	1
17232	23	3	4	1
29298	2	3	3	1
4880	6	0	0	0
3162	21	2	1	0
4761	6	2	0	0
4237	21	2	0	0
4871	22	1	1	0
3609	9	0	0	0
21665	2	2	2	1
22083	0	3	3	1
59796	2	3	4	1
31036	4	2	4	1
45382	23	3	4	1
1923	16	0	1	0
4390	18	0	1	0
25130	1	3	4	1
2679	12	0	1	0
49705	3	2	3	1
35149	1	2	4	1
4804	7	0	0	0
4740	17	0	0	0
1365	10	1	0	0
4761	6	1	0	0
2796	21	0	1	0
2694	15	0	1	0
3599	15	0	0	0
57514	1	2	4	1
4406	18	0	0	0
1458	10	0	0	0
253	18	2	0	0
23878	1	3	4	1
3517	8	2	1	0
304	16	0	0	0
4891	13	2	0	0
47656	3	3	4	1
1309	22	0	0	0
3046	13	0	2	0
48572	3	3	4	1
4001	6	0	0	0
3324	15	1	0	0
4923	19	0	2	0
154	21	0	1	0
1289	20	0	0	0
1572	11	1	0	0
4641	19	0	0	0
10923	23	2	4	1
3482	12	0	0	0
564	16	1	1	0
28577	1	3	4	1
4357	22	0	0	0
327	9	1	0	0
372	15	0	0	0
716	10	0	0	0
3857	11	0	0	0
4411	18	1	0	0
28636	1	3	3	1
2343	12	0	0	0
3601	19	0	0	0
4549	12	0	0	0
45628	3	3	3	1
54817	1	3	4	1
3639	9	0	0	0
27974	1	3	4	1
2520	6	0	0	0
2519	19	1	1	0
20453	23	3	3	1
1207	20	0	2	0
54613	0	2	4	1
2285	19	0	0	0
10457	3	3	4	1
782	22	0	1	0
4925	19	1	0	0
31731	0	3	2	1
3961	19	2	0	0
39280	1	3	4	1
144	7	2	0	0
48122	0	3	3	1
679	17	1	0	0
1201	8	2	0	0
1601	7	1	0	0
4608	9	0	0	0
2870	11	0	0	0
677	18	2	0	0
1578	22	0	1	0
3010	8	0	1	0
52732	1	2	4	1
145	13	0	1	0
4216	7	0	1	0
1439	13	2	0	0
3443	6	1	0	0
2091	10	0	2	0
4004	12	0	0	0
1844	22	1	1	0
35596	23	3	3	1
261	13	0	0	0
959	6	0	0	0
1613	15	0	0	0
14635	0	3	4	1
23065	0	3	2	1
1165	11	0	0	0
1342	14	1	0	0
16106	0	3	3	1
2687	18	0	1	0
2321	14	2	0	0
4211	11	0	0	0
4116	8	0	0	0
3752	16	0	1	0
442	21	1	0	0
52607	0	3	4	1
2623	18	0	0	0
4553	21	2	1	0
57759	3	3	2	1
857	13	1	1	0
24413	2	3	4	1
1897	15	1	0	0
34857	2	2	3	1
44812	0	2	2	1
2445	9	0	2	0
52301	1	2	4	1
798	20	0	2	0
4418	21	1	0	0
4442	18	0	0	0
2425	12	2	0	0
1541	16	0	0	0
2166	20	1	2	0
2002	8	0	0	0
3657	22	0	1	0
2094	8	0	1	0
3170	18	0	2	0
256	16	0	0	0
55605	3	3	3	1
3278	21	1	0	0
4109	20	0	0	0
480	8	0	0	0
4737	17	0	2	0
1329	16	0	0	0
32719	4	2	3	1
38872	1	3	2	1
1078	15	0	0	0
2238	6	1	2	0
2506	20	1	0	0
2948	19	0	0	0
824	13	1	0	0
32876	1	3	3	1
2767	10	2	0	0
4630	19	0	2	0
556	6	0	0	0
1487	18	1	2	0
1431	20	0	2	0
2468	11	0	0	0
2182	13	1	0	0
35991	0	3	4	1
58951	23	3	3	1
2769	11	1	1	0
43754	3	3	2	1
517	7	0	1	0
1620	10	0	0	0
19918	1	3	4	1
30419	4	3	3	1
2384	21	0	0	0
38777	3	2	3	1
2971	20	0	0	0
625	11	0	0	0
55944	0	3	4	1
3883	21	0	0	0
626	10	0	0	0
1425	6	0	0	0
726	21	0	0	0
3373	8	0	0	0
47312	23	2	4	1
48361	3	2	4	1
3662	6	2	0	0
2996	17	0	1	0
20628	2	3	3	1
3656	10	0	0	0
876	12	0	0	0
2167	15	2	0	0
3534	15	2	0	0
3065	12	1	0	0
2010	15	0	1	0
47945	23	3	3	1
2659	18	0	0	0
50743	4	3	4	1
629	7	0	0	0
1817	14	0	0	0
2583	15	0	0	0
49651	0	2	4	1
859	20	2	0	0
3793	10	0	2	0
706	18	1	2	0
3631	22	0	2	0
3180	22	1	0	0
2957	21	1	0	0
2718	15	1	0	0
4161	15	1	0	0
2919	18	0	0	0
930	15	2	0	0
823	16	1	1	0
117	21	1	0	0
905	11	0	0	0
4104	12	0	0	0
38250	1	3	2	1
2251	12	0	0	0
46104	4	2	3	1
52819	3	2	3	1
2206	18	0	1	0
2811	10	0	1	0
2096	13	2	1	0
1190	14	0	0	0
382	15	1	0	0
23537	0	3	4	1
1897	8	0	0	0
4932	16	1	0	0
25789	3	2	4	1
32086	3	2	3	1
2333	10	0	0	0
1984	18	0	0	0
4639	22	0	0	0
725	6	1	0	0
4831	12	0	1	0
4966	18	1	0	0
2656	8	0	1	0
27843	4	3	2	1
55114	0	2	2	1
19584	1	3	3	1
4553	10	0	0	0
1591	6	1	2	0
3853	11	0	1	0
2489	8	1	0	0
2564	11	1	1	0
2179	18	1	0	0
915	12	0	2	0
131	8	1	0	0
47651	0	3	2	1
51714	2	3	3	1
34828	3	3	3	1
45022	0	3	4	1
3662	9	1	0	0
1320	15	1	0	0
3030	19	1	0	0
726	17	1	0	0
4895	13	1	0	0
11819	4	3	4	1
4022	15	0	1	0
2016	16	0	0	0
1550	6	1	0	0
3646	14	0	1	0
19531	1	2	2	1
3415	21	0	0	0
2631	9	0	0	0
4559	16	0	2	0
4083	22	0	0	0
4090	16	1	1	0
2623	16	1	0	0
52028	0	3	2	1
4490	20	0	2	0
723	7	0	0	0
3929	8	0	0	0
47127	4	3	3	1
1004	17	0	1	0
307	18	0	1	0
4328	17	0	0	0
36076	2	3	2	1
18404	1	3	4	1
3489	17	0	2	0
26569	3	3	4	1
34410	3	3	3	1
2680	12	1	0	0
704	15	0	1	0
4960	13	0	0	0
4113	18	0	0	0
2317	10	0	0	0
26040	23	3	4	1
3324	19	0	0	0
1558	16	0	1	0
3647	14	0	0	0
4845	7	0	0	0
2787	17	1	0	0
2662	22	1	0	0
42613	0	3	2	1
2475	19	2	0	0
4404	15	1	1	0
41722	2	3	2	1
42261	4	3	4	1
262	10	0	0	0
1109	19	0	0	0
2395	9	0	0	0
3393	18	1	0	0
1703	10	1	0	0
4026	17	0	0	0
3714	17	1	0	0
42474	2	3	2	1
1487	17	0	1	0
2375	11	0	0	0
1487	13	0	0	0
3485	22	0	0	0
19110	0	2	3	1
17262	0	3	4	1
398	11	1	0	0
888	6	0	1	0
979	21	0	0	0
18728	2	3	2	1
1635	12	0	0	0
2067	19	0	0	0
2594	18	0	0	0
3709	22	0	0	0
130	19	1	0	0
896	6	0	1	0
4289	17	1	1	0
17835	2	3	4	1
4724	20	0	0	0
3165	12	0	0	0
3799	8	0	0	0
23556	2	2	4	1
3594	20	0	1	0
1028	10	1	1	0
1538	7	1	0	0
24909	23	3	4	1
3251	21	0	0	0
42681	4	3	4	1
46829	2	2	3	1
4410	16	0	0	0
1542	7	1	0	0
2013	10	1	0	0
3994	22	0	0	0
117	14	0	0	0
14952	23	3	3	1
2879	16	0	0	0
1192	20	1	0	0
4518	14	2	0	0
713	21	2	0	0
4895	6	0	2	0
18596	23	2	4	1
644	8	1	0	0
2532	22	1	0	0
3642	6	0	0	0
43693	0	2	4	1
820	9	1	0	0
4433	15	0	1	0
1031	9	2	0	0
2213	22	0	0	0
3547	9	1	0	0
1649	18	0	0	0
2102	13	0	1	0
962	22	1	0	0
35114	2	2	4	1
554	14	1	1	0
3499	14	0	0	0
1987	7	0	0	0
3043	8	2	1	0
564	8	0	1	0
688	22	0	0	0
39636	23	3	2	1
1673	10	0	0	0
36774	4	2	4	1
1319	7	0	1	0
3716	17	0	0	0
3476	6	2	0	0
24148	3	3	2	1
328	17	0	0	0
4889	14	0	0	0
1930	14	0	2	0
185	21	0	0	0
35113	4	3	3	1
3561	14	0	0	0
4121	9	1	0	0
43130	2	3	4	1
17862	1	3	2	1
1257	21	0	0	0
18769	2	2	4	1
4791	11	0	0	0
553	17	0	0	0
4847	20	2	1	0
44818	4	3	4	1
4615	12	0	0	0
596	7	0	1	0
1743	7	0	0	0
392	7	0	0	0
2095	16	0	1	0
131	20	0	0	0
45995	2	3	4	1
194	20	0	0	0
3724	15	0	1	0
1258	20	0	1	0
58543	2	2	4	1
1995	19	0	1	0
654	8	0	0	0
11557	1	3	2	1
1696	13	0	0	0
1402	16	2	0	0
44260	23	3	4	1
1780	12	0	0	0
3407	19	0	0	0
3364	18	2	0	0
2071	15	1	0	0
1856	22	2	0	0
3032	15	0	1	0
28396	4	3	3	1
3540	12	0	0	0
2523	6	0	0	0
3438	6	1	2	0
22511	2	3	4	1
4505	21	1	0	0
58641	23	3	3	1
3627	22	0	0	0
2241	13	0	0	0
340	21	0	2	0
4022	9	0	2	0
10561	3	3	3	1
18052	1	2	3	1
21032	0	3	3	1
41005	2	3	3	1
3321	17	0	0	0
1335	21	0	1	0
3483	19	0	0	0
609	15	1	2	0
2711	18	1	1	0
563	10	0	0	0
50870	3	3	4	1
3239	9	0	1	0
2672	12	1	0	0
4000	19	1	0	0
121	19	2	0	0
4932	18	0	0	0
2365	18	0	0	0
3247	13	0	1	0
11669	3	3	3	1
1407	11	0	0	0
1604	21	0	0	0
11390	2	3	4	1
3400	7	0	0	0
15958	3	3	3	1
15585	1	3	3	1
4231	16	2	1	0
1039	9	0	0	0
2819	16	0	2	0
10420	2	3	4	1
2962	20	0	1	0
18599	3	3	3	1
892	13	0	2	0
22839	2	2	4	1
939	21	0	0	0
1643	21	1	1	0
2759	12	1	1	0
554	18	0	0	0
45740	23	2	2	1
736	21	1	0	0
2097	13	0	1	0
19563	4	3	3	1
22801	3	3	4	1
19461	0	2	3	1
1182	11	0	1	0
3328	11	1	0	0
1386	8	2	0	0
657	20	2	1	0
45669	2	3	4	1
2826	11	0	0	0
1216	11	0	0	0
3832	6	0	0	0
915	7	0	0	0
519	8	1	1	0
4051	21	0	0	0
3521	21	2	0	0
4141	13	0	0	0
4957	13	0	0	0
1893	17	1	0	0
2525	19	1	0	0
17589	23	3	4	1
1449	18	0	2	0
411	16	0	0	0
2859	17	1	0	0
2967	15	1	0	0
1093	14	0	1	0
3550	21	0	2	0
4198	12	2	0	0
52194	0	3	4	1
4496	12	0	1	0
1669	11	2	0	0
43804	1	3	4	1
523	22	0	2	0
4203	19	1	0	0
11751	2	3	4	1
1668	12	0	1	0
31517	2	2	3	1
2433	8	0	0	0
146	12	1	0	0
3647	17	0	0	0
3061	18	0	0	0
1985	9	1	0	0
1036	18	0	0	0
2160	20	0	1	0
2914	15	0	0	0
32189	2	3	4	1
3040	10	0	0	0
240	21	1	0	0
37918	4	3	4	1
14326	23	3	2	1
2688	13	0	0	0
111	17	0	2	0
1038	7	1	0	0
435	22	0	0	0
2349	16	0	0	0
4596	20	1	1	0
42603	2	3	4	1
2873	9	1	0	0
4465	17	0	1	0
4838	22	2	2	0
20220	2	2	4	1
3696	16	0	0	0
772	11	1	0	0
762	12	2	0	0
4863	9	1	1	0
3782	11	0	0	0
4417	22	0	0	0
4177	12	1	1	0
1253	15	0	1	0
1477	6	0	0	0
44375	2	3	3	1
16757	3	3	4	1
351	20	0	1	0
36694	0	3	4	1
238	6	0	0	0
24640	3	3	3	1
2731	12	0	0	0
16243	3	3	4	1
2437	19	2	0	0
451	12	0	2	0
4849	6	1	0	0
3179	12	0	1	0
372	20	1	0	0
4498	16	0	0	0
605	19	0	0	0
46004	0	3	2	1
4954	8	0	0	0
4034	9	0	0	0
1218	13	1	0	0
3528	13	0	0	0
3997	22	1	0	0
1786	10	1	0	0
1405	21	1	0	0
41120	23	3	3	1
4373	10	0	0	0
1330	11	0	0	0
206	8	0	2	0
3258	11	0	0	0
554	12	1	0	0
365	20	2	0	0
39822	1	2	3	1
4004	7	0	0	0
50620	23	3	4	1
2797	16	1	0	0
4347	7	0	0	0
30376	0	3	3	1
1382	9	0	0	0
695	8	2	0	0
4685	17	0	0	0
43346	1	2	3	1
916	20	0	0	0
1283	13	1	1	0
3695	12	0	1	0
2727	19	1	0	0
3305	8	0	0	0
3916	19	0	0	0
47512	3	3	4	1
1462	10	0	1	0
4838	9	0	0	0
3306	16	1	0	0
3485	6	0	0	0
514	16	0	0	0
897	21	0	0	0
3257	14	0	0	0
37743	0	3	4	1
2243	8	0	2	0
25154	2	3	2	1
1125	18	0	1	0
1282	8	0	0	0
38846	0	3	4	1
3584	13	1	0	0
17196	1	3	4	1
3079	17	0	1	0
1903	15	0	2	0
25250	0	3	3	1
4070	6	0	1	0
4731	6	0	2	0
4466	16	0	0	0
4598	20	1	1	0
1920	20	0	1	0
1703	12	1	0	0
2886	18	1	1	0
31013	2	3	3	1
49777	3	3	3	1
3287	8	0	1	0
26286	23	2	4	1
941	7	1	0	0
1404	22	0	0	0
3316	21	0	0	0
2072	18	0	0	0
4592	16	1	0	0
1225	6	0	0	0
3718	15	1	1	0
3388	17	0	1	0
4923	16	1	1	0
694	15	0	1	0
4957	15	0	0	0
3804	10	1	0	0
12664	1	3	4	1
651	14	0	1	0
2379	13	0	0	0
4484	19	0	0	0
48608	1	2	2	1
2407	20	1	0	0
4762	14	0	0	0
1961	16	0	0	0
4148	13	0	0	0
3237	20	1	0	0
36875	23	3	2	1
4330	9	2	0	0
3684	18	0	1	0
667	20	0	0	0
1718	10	0	1	0
2633	13	0	0	0
811	11	0	0	0
56365	1	3	4	1
32677	1	2	3	1
3228	8	0	1	0
2184	20	1	0	0
4443	6	0	0	0
3826	18	0	0	0
1613	20	0	0	0
58902	1	3	4	1
2707	21	2	0	0
2204	7	1	0	0
2324	19	0	0	0
58284	3	3	3	1
2694	16	0	1	0
1957	8	1	0	0
3358	16	0	1	0
2881	12	1	0	0
3467	14	0	0	0
1581	8	1	2	0
1418	14	1	2	0
2545	11	1	0	0
49954	1	2	2	1
54476	1	3	3	1
2812	22	1	0	0
3402	12	0	0	0
20926	1	3	4	1
3813	11	1	1	0
3940	6	0	0	0
3978	10	0	0	0
15208	2	3	4	1
1254	21	2	0	0
3741	6	0	0	0
2042	12	0	0	0
57688	23	3	4	1
22696	3	3	2	1
18580	23	3	4	1
53558	23	2	4	1
11158	1	3	4	1
2471	22	0	1	0
10968	1	2	3	1
4026	12	0	1	0
4911	8	0	0	0
2200	19	0	0	0
687	21	1	1	0
1362	19	0	0	0
4145	16	0	0	0
42684	23	3	3	1
2835	17	0	0	0
28134	23	3	2	1
286	15	0	0	0
2304	16	0	0	0
3307	16	0	0	0
24796	1	3	4	1
43032	4	3	4	1
382	20	1	1	0
4412	10	1	0	0
54222	1	3	2	1
4333	22	2	0	0
708	21	0	0	0
34957	1	3	2	1
1626	7	0	0	0
201	16	0	0	0
56403	0	3	4	1
44188	1	3	3	1
2065	7	0	0	0
2481	22	0	0	0
550	6	0	0	0
3464	10	0	1	0
45903	23	2	4	1
840	6	0	0	0
4903	15	1	0	0
3568	22	1	0	0
2893	15	1	0	0
31039	4	3	4	1
257	22	2	1	0
24511	2	2	4	1
4863	17	0	0	0
674	22	0	1	0
43423	1	3	4	1
3828	10	1	2	0
1338	11	0	0	0
1254	7	0	2	0
4502	18	1	1	0
1185	8	0	0	0
3007	14	0	0	0
1624	18	0	0	0
712	16	1	1	0
57193	0	2	2	1
2998	18	1	0	0
4111	19	0	1	0
48011	0	3	4	1
4149	7	2	0	0
853	15	0	0	0
2561	12	0	2	0
3004	9	1	0	0
2061	8	0	0	0
4415	21	0	0	0
48315	2	3	4	1
1059	11	0	0	0
53553	1	2	4	1
18236	1	3	3	1
1310	15	0	0	0
3882	8	2	0	0
3973	21	0	0	0
10158	1	3	3	1
748	15	0	0	0
45196	1	3	2	1
3008	19	1	0	0
3898	14	0	0	0
248	14	2	2	0
534	8	2	0	0
2227	10	0	1	0
4095	7	0	0	0
16905	0	3	4	1
37827	2	2	4	1
938	18	1	1	0
1062	19	2	0	0
3600	22	1	0	0
3596	20	0	0	0
1521	17	0	0	0
1449	20	2	0	0
15767	0	3	3	1
3971	22	0	0	0
2295	14	0	1	0
1540	6	0	1	0
1877	14	0	0	0
3463	6	1	0	0
1014	9	0	0	0
2126	12	0	0	0
1166	19	0	2	0
2184	19	0	0	0
4681	20	1	0	0
3645	9	0	0	0
57889	1	2	2	1
2756	22	1	2	0
937	11	0	0	0
34236	2	3	4	1
4779	11	0	0	0
48088	3	3	3	1
40352	2	3	2	1
1154	20	0	1	0
1986	22	2	2	0
3187	9	0	0	0
3644	6	1	1	0
4895	16	0	1	0
1911	11	2	0	0
23728	4	3	3	1
55873	0	3	3	1
340	8	0	0	0
1943	6	0	0	0
39811	3	3	3	1
217	21	0	0	0
29927	0	3	4	1
4234	13	2	0	0
29550	1	3	2	1
4476	6	2	2	0
1430	20	0	0	0
3748	18	0	0	0
778	16	0	0	0
4443	9	0	0	0
706	13	0	1	0
389	22	0	0	0
4998	22	1	0	0
3717	8	0	0	0
3833	11	1	0	0
56727	23	3	3	1
3087	20	0	0	0
3952	20	0	0	0
684	7	2	0	0
17753	2	2	2	1
2494	14	0	0	0
2693	6	1	0	0
499	9	0	0	0
3614	11	0	0	0
2323	7	0	0	0
4889	17	1	0	0
43307	23	2	3	1
3018	14	0	0	0
15439	4	2	2	1
50334	3	3	3	1
54684	3	3	3	1
4262	21	0	0	0
41428	0	2	3	1
3647	18	0	2	0
4027	17	1	0	0
4453	7	0	0	0
3280	17	1	1	0
56068	0	3	4	1
2762	22	0	0	0
4384	18	1	0	0
2806	10	1	0	0
3525	11	1	0	0
1133	21	1	0	0
1748	19	1	2	0
22496	0	3	4	1
4601	10	0	1	0
47554	0	3	4	1
667	18	1	0	0
2806	12	0	0	0
26342	1	3	4	1
3056	18	0	0	0
3766	20	0	0	0
3897	17	1	0	0
50222	1	2	3	1
25510	0	2	2	1
1894	8	2	0	0
2044	8	0	0	0
3049	20	0	0	0
3089	18	0	0	0
53201	2	3	4	1
3221	16	0	0	0
787	16	0	0	0
3175	13	0	2	0
4817	21	1	0	0
3945	10	0	1	0
294	18	0	0	0
4584	9	1	0	0
4736	20	0	0	0
778	6	0	1	0
1008	16	0	0	0
4021	17	0	0	0
28072	1	2	4	1
1737	16	0	0	0
1873	12	1	1	0
3299	14	1	0	0
2800	9	1	1	0
19830	2	3	3	1
2942	11	0	0	0
876	21	2	0	0
3803	13	1	0	0
1658	10	0	0	0
855	6	0	0	0
55373	23	3	4	1
2025	11	1	0	0
4820	7	2	2	0
3464	6	0	1	0
3879	9	0	1	0
168	7	0	1	0
4262	10	0	0	0
4120	9	1	2	0
2074	22	0	0	0
585	19	0	0	0
1734	17	0	0	0
3693	18	0	2	0
17184	1	3	3	1
30121	1	2	3	1
58392	0	3	4	1
2132	18	0	2	0
56168	2	2	4	1
4173	14	0	0	0
2408	14	0	0	0
12442	4	2	3	1
3234	7	1	0	0
800	8	1	0	0
32601	4	3	2	1
1004	15	0	0	0
239	10	0	0	0
702	22	0	0	0
2446	6	2	0	0
682	9	1	2	0
2025	8	0	0	0
14933	3	3	3	1
3190	20	0	0	0
4561	9	0	0	0
2863	22	0	0	0
2693	19	0	1	0
2220	21	0	1	0
1391	15	0	2	0
52033	2	3	3	1
55345	2	2	3	1
1025	13	0	0	0
1111	16	0	0	0
4267	13	1	1	0
39647	23	3	2	1
1508	21	0	0	0
14857	0	2	2	1
135	17	0	2	0
47142	2	3	3	1
25058	4	2	4	1
1280	8	0	0	0
38144	1	3	4	1
3595	7	0	0	0
3940	8	1	0	0
1786	19	0	0	0
3879	15	0	0	0
52870	3	3	4	1
156	21	0	2	0
1359	7	1	0	0
2905	11	1	0	0
320	6	0	0	0
2805	20	0	0	0
4195	15	0	0	0
25462	3	2	3	1
4416	22	1	2	0
2810	17	0	1	0
2767	22	0	0	0
2392	12	0	0	0
21115	2	3	2	1
4803	6	0	0	0
388	19	1	0	0
32438	2	3	4	1
892	20	0	0	0
25712	3	3	3	1
2317	21	0	1	0
49755	1	3	4	1
2921	15	2	0	0
11647	1	2	4	1
2860	11	1	0	0
3123	13	1	0	0
3660	11	0	1	0
1193	12	2	1	0
43670	1	3	4	1
379	10	1	0	0
2715	18	0	0	0
10441	4	3	4	1
18327	4	3	4	1
3262	20	0	0	0
3604	22	0	0	0
1217	14	0	0	0
848	22	0	0	0
1513	7	0	0	0
2174	14	1	2	0
3654	17	0	0	0
32831	1	3	4	1
4678	9	0	0	0
3331	22	0	1	0
1722	14	1	0	0
56055	0	2	2	1
3836	8	1	0	0
1444	10	1	1	0
3922	17	1	2	0
122	16	1	0	0
1802	11	1	2	0
2971	19	0	0	0
4195	21	0	0	0
17624	4	2	2	1
687	14	2	0	0
2592	13	1	1	0
1650	12	0	0	0
2794	19	1	1	0
28424	3	3	3	1
491	21	0	0	0
137	8	0	0	0
4760	18	2	0	0
25912	1	2	4	1
4044	22	0	0	0
757	11	0	0	0
2186	16	1	0	0
52378	4	3	4	1
1743	11	0	0	0
15091	1	2	3	1
1191	9	0	1	0
55497	1	3	3	1
1438	8	0	0	0
3213	13	0	0	0
17843	2	3	4	1
3876	6	0	0	0
24535	3	3	4	1
54108	2	2	3	1
3450	14	1	1	0
30475	1	3	4	1
2856	12	1	2	0
14949	0	2	4	1
3146	10	0	0	0
2602	20	0	1	0
3044	6	2	0	0
4437	16	2	0	0
4642	19	1	0	0
44386	4	3	4	1
1134	16	1	0	0
427	19	1	0	0
31428	23	2	4	1
138	11	0	0	0
11097	1	3	2	1
4212	14	0	0	0
4507	7	0	0	0
1716	11	0	2	0
20016	4	2	2	1
3315	18	0	2	0
50819	2	3	3	1
2959	7	0	0	0
10126	23	3	4	1
591	13	1	0	0
55324	1	3	2	1
2784	15	0	0	0
163	14	0	0	0
2195	14	0	0	0
15121	1	3	4	1
2108	21	0	0	0
3673	18	1	0	0
2509	10	0	2	0
256	8	0	0	0
133	14	0	0	0
1524	14	1	0	0
3510	18	0	0	0
3789	17	0	0	0
1784	7	2	0	0
3121	21	0	0	0
3563	19	1	2	0
2041	21	2	1	0
3712	18	1	0	0
1077	17	2	0	0
468	16	0	0	0
304	20	0	2	0
12121	4	3	4	1
28069	2	3	4	1
1542	6	0	0	0
3803	18	1	1	0
1031	22	0	0	0
54282	0	3	4	1
3191	20	0	0	0
1454	12	0	1	0
2780	19	0	0	0
1685	9	0	0	0
4848	19	1	0	0
42966	2	3	3	1
28261	2	2	2	1
4341	13	0	2	0
1709	8	0	1	0
2459	10	0	0	0
4819	20	0	1	0
1036	19	2	0	0
3751	7	0	0	0
3496	22	0	0	0
631	18	0	0	0
36814	0	3	2	1
39020	23	2	4	1
1666	11	0	0	0
2555	16	2	2	0
127	14	0	0	0
1784	22	0	0	0
1706	13	2	0	0
17989	23	3	2	1
2247	17	0	1	0
23373	0	3	4	1
3655	10	2	0	0
4422	19	1	1	0
4709	17	0	0	0
639	14	0	0	0
4345	13	0	0	0
3816	6	1	0	0
1711	6	0	0	0
56271	0	2	2	1
2064	14	0	1	0
1061	18	0	0	0
11899	1	3	4	1
4506	10	0	1	0
4440	13	0	0	0
548	8	0	0	0
1577	11	1	0	0
50186	0	3	2	1
3762	9	0	0	0
4255	21	0	0	0
59433	1	3	3	1
4300	16	1	0	0
25564	4	3	4	1
533	7	0	2	0
3062	21	1	0	0
1673	16	1	0	0
28825	1	3	4	1
245	13	0	0	0
10079	3	3	4	1
500	12	0	1	0
3036	9	0	0	0
4588	10	0	0	0
20067	23	3	4	1
3926	14	0	0	0
3799	15	0	0	0
1632	7	1	0	0
14291	2	2	2	1
1089	11	2	0	0
20373	2	3	4	1
12871	3	2	4	1
1637	19	0	0	0
3496	14	0	2	0
710	11	0	0	0
4579	13	1	0	0
38544	3	3	4	1
4388	9	1	2	0
1670	16	0	2	0
39930	3	2	2	1
438	7	0	0	0
3611	18	1	0	0
37383	23	2	4	1
2935	13	0	0	0
485	20	1	0	0
276	11	0	0	0
602	6	0	0	0
14773	3	3	4	1
732	12	0	0	0
3154	22	2	1	0
2821	21	0	0	0
3699	15	0	0	0
3511	12	0	0	0
1479	11	0	0	0
379	9	0	0	0
32115	2	3	4	1
657	16	0	0	0
2235	14	0	1	0
2278	22	1	0	0
22281	0	3	3	1
27377	0	2	4	1
3085	15	0	0	0
2088	22	0	0	0
655	14	0	0	0
817	6	1	2	0
1153	22	2	0	0
4537	7	0	0	0
17959	1	3	4	1
43908	1	3	2	1
2348	21	1	2	0
1509	8	0	0	0
3299	14	1	0	0
39212	3	3	3	1
1739	21	1	0	0
4665	21	0	1	0
318	7	1	1	0
3838	19	0	0	0
3152	10	1	1	0
1985	15	0	0	0
4648	11	0	0	0
52651	23	3	4	1
2889	14	0	0	0
2341	8	0	2	0
4354	20	0	1	0
4061	7	0	0	0
18718	3	2	2	1
2261	7	0	0	0
4047	10	1	0	0
4977	15	1	0	0
1406	11	0	0	0
778	15	1	2	0
2748	13	0	1	0
14587	4	3	3	1
3236	7	2	1	0
2163	6	0	0	0
855	22	0	0	0
2837	19	1	0	0
32135	1	3	3	1
3316	21	0	0	0
23486	2	3	3	1
154	17	0	2	0
44612	0	3	4	1
1761	15	0	0	0
2903	8	0	1	0
4336	17	0	0	0
3162	11	2	1	0
37080	4	3	3	1
19759	1	3	4	1
18089	4	3	4	1
3600	9	0	0	0
2113	7	1	1	0
2986	10	0	0	0
1252	12	0	0	0
1989	12	0	1	0
39456	1	2	3	1
29789	1	3	4	1
1449	22	0	0	0
50222	3	3	3	1
4482	19	1	0	0
4625	22	0	0	0
4902	18	1	2	0
4810	9	0	0	0
485	13	0	0	0
4668	8	0	0	0
2186	20	1	0	0
14000	3	3	4	1
1764	7	0	1	0
1232	6	1	0	0
1941	16	0	0	0
4096	11	2	0	0
4087	14	0	1	0
2383	17	1	1	0
54289	0	3	3	1
4010	17	2	0	0
14734	2	2	4	1
3208	10	1	1	0
1959	22	0	0	0
3594	21	2	1	0
3747	18	0	0	0
50648	2	3	2	1
762	6	0	1	0
36348	3	3	4	1
52339	2	3	4	1
26648	3	2	4	1
4062	10	0	1	0
4858	14	0	1	0
2408	12	0	0	0
3903	11	0	0	0
4757	7	1	2	0
648	7	0	0	0
1524	19	0	1	0
390	11	0	0	0
35102	3	3	3	1
2601	6	1	0	0
18323	1	3	4	1
2629	10	0	1	0
1922	6	0	0	0
2418	9	0	0	0
42689	1	3	3	1
4586	22	0	0	0
32365	0	3	3	1
1638	19	1	0	0
1658	19	2	0	0
2299	11	0	0	0
1758	16	0	0	0
733	8	1	0	0
4146	16	0	0	0
4605	11	0	0	0
2212	20	0	2	0
32777	3	3	2	1
26644	3	3	4	1
51035	1	3	3	1
15877	2	3	4	1
1758	20	0	0	0
3499	9	0	0	0
42660	2	3	4	1
204	18	2	1	0
2464	13	1	1	0
4992	8	1	1	0
452	15	1	1	0
178	13	0	1	0
21938	0	3	3	1
1739	14	0	0	0
2108	18	2	0	0
3458	20	0	0	0
477	7	0	0	0
3627	12	0	2	0
2015	8	1	0	0
893	15	0	1	0
2143	13	0	0	0
2142	17	1	0	0
1463	22	2	0	0
3604	14	0	0	0
42544	0	3	4	1
4950	14	0	2	0
4200	19	0	0	0
3302	16	1	0	0
4060	16	0	0	0
1198	10	0	0	0
4330	14	0	0	0
3092	8	0	1	0
4128	15	2	1	0
36365	0	3	4	1
1756	17	1	0	0
2692	6	1	0	0
1699	9	0	0	0
3212	6	0	0	0
1640	21	0	0	0
10822	3	3	3	1
1461	7	2	0	0
4578	9	0	1	0
217	12	1	0	0
2097	13	1	0	0
690	22	0	1	0
4948	16	2	1	0
2714	6	0	0	0
1995	7	1	1	0
4746	13	2	2	0
3286	19	0	0	0
4089	9	0	1	0
26707	3	3	4	1
733	6	0	0	0
3810	11	1	0	0
4693	14	0	0	0
4916	21	0	0	0
3024	20	0	0	0
55167	3	2	2	1
4093	22	1	0	0
2383	6	0	0	0
1182	14	0	0	0
4487	7	0	0	0
53008	0	3	2	1
2963	14	1	0	0
23258	0	3	2	1
3426	9	1	0	0
28191	0	3	2	1
2766	19	1	0	0
4822	6	0	1	0
2084	8	0	0	0
2249	8	0	0	0
3291	10	0	0	0
2650	22	0	1	0
1665	20	0	0	0
2832	6	0	0	0
4012	14	0	0	0
4044	11	1	1	0
2996	18	0	0	0
2205	8	0	0	0
851	16	0	1	0
1455	19	0	1	0
350	21	1	0	0
4205	17	0	0	0
3741	19	0	2	0
2159	20	0	1	0
4404	14	1	1	0
2125	6	0	1	0
4096	9	0	0	0
3000	19	1	1	0
1511	18	0	1	0
55969	23	3	2	1
44384	2	3	2	1
159	17	0	0	0
28392	2	2	4	1
2235	9	0	0	0
1229	9	0	0	0
2263	10	0	0	0
236	11	2	0	0
30778	3	2	3	1
43630	2	3	4	1
3792	13	0	0	0
650	22	0	0	0
935	7	0	0	0
27036	2	3	4	1
1483	13	2	1	0
3738	9	0	2	0
47499	3	3	4	1
118	9	1	0	0
31250	23	3	4	1
4008	18	2	0	0
1918	16	1	0	0
1875	18	0	2	0
4429	11	0	0	0
4055	6	1	2	0
770	16	1	0	0
4020	17	1	0	0
3592	18	0	0	0
4927	13	0	2	0
4719	9	0	0	0
3313	10	1	2	0
29104	3	3	2	1
3413	16	0	2	0
10395	1	3	3	1
55026	23	3	2	1
18127	1	3	2	1
2380	22	0	0	0
1140	21	1	0	0
11188	2	2	4	1
2636	14	0	2	0
36856	23	3	2	1
39791	2	3	3	1
15955	23	3	4	1
28803	0	3	4	1
3101	11	1	0	0
46724	3	3	2	1
45424	0	3	3	1
780	6	0	0	0
4095	15	0	0	0
643	20	1	0	0
3725	7	0	1	0
1648	11	0	0	0
4893	19	0	0	0
678	6	1	2	0
20233	3	3	2	1
2330	6	1	0	0
3556	10	0	0	0
4279	19	0	0	0
1222	19	1	1	0
27477	2	3	3	1
2332	17	0	0	0
28474	2	2	2	1
4362	9	1	0	0
4954	16	0	1	0
1518	19	0	0	0
843	22	0	0	0
41150	1	2	4	1
3175	20	1	0	0
4299	22	0	1	0
2973	19	0	0	0
25152	4	3	4	1
211	20	0	0	0
1623	12	0	0	0
2222	15	0	0	0
1592	6	1	1	0
3338	17	0	0	0
1887	11	0	0	0
749	10	0	0	0
2989	11	0	0	0
2953	17	0	2	0
4632	13	0	0	0
39237	23	3	4	1
2211	7	0	0	0
1324	12	0	0	0
1835	11	0	0	0
818	8	0	0	0
4185	16	0	0	0
1319	10	0	0	0
4196	21	0	0	0
4703	11	0	0	0
56272	0	3	3	1
18771	1	3	3	1
2852	7	0	1	0
52802	0	2	3	1
852	13	0	0	0
3713	17	0	0	0
2031	21	1	0	0
3125	9	2	0	0
2470	18	0	1	0
30887	0	3	2	1
15495	1	3	4	1
43925	4	2	2	1
30993	4	3	4	1
4877	9	1	0	0
2267	15	1	0	0
1408	18	0	2	0
3200	13	1	0	0
190	22	1	2	0
760	22	0	0	0
24566	0	3	4	1
52586	0	3	4	1
4057	16	1	0	0
59967	1	2	2	1
4981	10	0	0	0
12235	23	2	3	1
4222	22	1	0	0
47777	23	2	3	1
388	19	1	0	0
1810	11	0	0	0
1011	7	1	0	0
212	11	0	1	0
46073	3	3	3	1
214	22	1	2	0
44616	3	3	2	1
48243	3	2	4	1
294	17	0	0	0
3757	20	1	0	0
3846	20	0	0	0
2554	19	0	1	0
4782	11	0	0	0
481	15	0	1	0
27185	2	3	3	1
3843	10	0	0	0
3416	15	2	0	0
41261	23	3	4	1
4687	17	2	0	0
3939	7	0	1	0
56820	4	3	4	1
1009	16	0	0	0
3396	8	0	1	0
3463	13	0	0	0
4330	10	0	0	0
4030	9	0	0	0
247	7	0	0	0
43537	0	2	2	1
830	13	0	2	0
4058	14	0	0	0
28220	3	3	3	1
44377	23	3	2	1
50679	4	2	4	1
43015	3	3	3	1
56414	0	3	3	1
3936	19	1	0	0
39531	2	3	2	1
4314	7	0	0	0
2054	6	0	0	0
55038	2	2	3	1
1096	14	0	0	0
1435	13	1	0	0
2589	9	2	0	0
2242	11	1	0	0
47384	3	3	3	1
4077	16	2	0	0
1323	9	0	0	0
3266	21	0	0	0
440	11	0	1	0
1903	16	1	0	0
247	22	0	0	0
3840	18	1	0	0
1690	11	1	2	0
135	7	0	0	0
534	20	0	0	0
3119	21	0	2	0
45327	4	2	3	1
1314	16	0	0	0
16500	2	3	4	1
2662	10	0	0	0
3833	20	1	0	0
55535	0	3	2	1
3527	10	1	0	0
4611	15	0	0	0
2017	19	0	0	0
32033	1	3	3	1
4268	17	2	0	0
4647	10	1	1	0
55201	1	2	2	1
18006	3	2	2	1
53040	1	3	2	1
1133	18	0	2	0
2819	11	0	1	0
15845	0	3	4	1
18004	1	3	4	1
1333	11	0	0	0
1491	6	0	0	0
2437	15	1	1	0
3328	6	0	0	0
445	16	0	0	0
1699	7	0	0	0
52641	23	2	4	1
16452	0	3	3	1
3312	17	0	0	0
4062	17	0	1	0
1508	13	1	0	0
50543	2	3	3	1
38663	3	3	3	1
56553	1	3	2	1
16350	3	2	2	1
256	19	0	2	0
1777	10	1	0	0
42152	3	3	4	1
14373	2	3	4	1
4916	11	2	1	0
12287	3	3	2	1
3566	10	1	0	0
377	12	1	1	0
4013	12	1	0	0
36212	3	3	4	1
3180	20	0	0	0
3899	7	2	1	0
3268	16	0	0	0
1777	17	1	0	0
405	20	0	0	0
3346	12	0	0	0
43200	3	3	3	1
12437	2	2	4	1
346	8	1	0	0
1549	14	2	0	0
408	14	0	0	0
2056	17	0	0	0
42143	0	2	4	1
831	15	1	0	0
4498	15	0	1	0
2723	7	1	0	0
969	21	2	0	0
3702	6	1	1	0
3392	11	0	0	0
4470	17	0	0	0
56929	3	3	4	1
24545	3	3	4	1
1768	11	1	0	0
3858	22	0	1	0
3912	9	0	0	0
30691	4	3	4	1
40026	2	2	4	1
54599	2	2	4	1
2867	9	2	2	0
54821	3	2	2	1
303	13	0	1	0
3208	16	2	0	0
3273	17	0	1	0
40373	1	3	4	1
2420	13	1	0	0
4857	13	0	0	0
2047	11	0	0	0
2192	7	0	0	0
1000	22	0	0	0
2844	9	2	0	0
2935	11	1	2	0
2953	11	1	0	0
4542	9	2	0	0
19359	2	3	4	1
2803	6	0	0	0
1406	16	1	0	0
1444	6	0	0	0
53196	1	3	4	1
47975	0	3	4	1
51335	23	3	2	1
4660	18	0	0	0
3014	16	0	0	0
1695	6	0	0	0
2539	9	1	0	0
4928	10	0	1	0
1696	20	0	2	0
1523	14	2	0	0
1700	22	1	0	0
1502	12	2	2	0
29379	3	3	3	1
3522	17	1	1	0
4315	15	0	1	0
22632	2	3	3	1
2668	9	1	0	0
3077	21	0	0	0
2511	13	0	0	0
44503	1	2	4	1
2538	12	2	1	0
165	19	2	0	0
17704	0	3	4	1
18235	3	3	4	1
473	12	1	0	0
1100	22	0	0	0
24414	0	3	2	1
2407	9	0	1	0
1019	21	0	0	0
406	14	0	0	0
29996	1	3	4	1
58590	4	3	4	1
4557	18	1	0	0
1780	12	0	0	0
32816	23	3	4	1
18058	2	2	2	1
3884	9	1	2	0
4248	6	1	2	0
2910	8	0	2	0
616	19	0	0	0
33833	4	3	3	1
3053	21	0	0	0
693	11	1	0	0
40619	3	3	3	1
12046	2	3	2	1
4115	6	0	0	0
4095	17	0	0	0
3644	12	1	1	0
593	6	0	0	0
1624	7	2	0	0
924	6	1	0	0
4027	11	2	0	0
2159	11	1	0	0
42940	1	3	3	1
20068	3	2	4	1
4166	15	0	0	0
3822	7	0	0	0
2931	16	0	0	0
3357	8	1	0	0
100	13	0	2	0
3315	14	1	0	0
913	17	1	1	0
2057	8	1	0	0
2453	12	0	0	0
35368	4	2	2	1
1975	15	0	0	0
3271	17	0	1	0
4839	21	0	1	0
4363	18	1	0	0
58285	0	2	2	1
528	6	1	0	0
2871	18	1	2	0
51220	2	2	2	1
3141	18	0	0	0
4015	7	1	1	0
2747	11	0	0	0
30742	3	3	4	1
1144	14	0	0	0
1351	11	0	0	0
2568	15	0	0	0
4119	13	0	0	0
2047	22	0	0	0
3549	7	1	1	0
36965	2	3	4	1
3051	17	0	1	0
1784	13	0	0	0
4208	15	0	0	0
2924	22	2	0	0
715	21	0	0	0
2529	21	1	0	0
4488	11	0	1	0
19273	2	3	2	1
4989	7	0	0	0
32500	4	2	4	1
3809	15	2	0	0
2622	10	1	0	0
1909	10	0	0	0
2757	8	0	1	0
3622	8	0	0	0
53604	0	3	4	1
2860	13	0	0	0
2243	18	1	0	0
4845	7	1	2	0
22563	0	3	4	1
2545	20	0	0	0
944	10	0	0	0
2749	6	0	0	0
2737	13	0	0	0
4352	21	0	0	0
16950	2	2	2	1
46222	4	2	2	1
43235	2	2	3	1
2385	17	2	0	0
49955	2	2	4	1
306	6	0	0	0
1405	17	0	0	0
590	17	0	1	0
34476	23	3	2	1
26046	0	3	3	1
3636	17	0	0	0
116	20	0	1	0
1426	18	0	0	0
2421	15	1	0	0
21480	0	3	3	1
3046	17	1	0	0
4422	14	0	0	0
4740	10	0	2	0
3965	22	1	0	0
4220	14	1	0	0
22381	0	2	2	1
4890	21	0	0	0
36204	3	3	2	1
2539	10	1	1	0
223	19	0	0	0
4843	14	0	0	0
23802	2	3	3	1
2249	8	0	1	0
3342	11	2	0	0
2105	13	0	1	0
621	19	0	0	0
1694	15	0	1	0
58047	0	3	3	1
3767	19	1	0	0
32344	23	2	2	1
1000	15	1	0	0
4090	12	0	1	0
51690	3	3	2	1
1525	7	1	0	0
439	8	1	1	0
4183	11	0	1	0
2986	21	0	0	0
3009	12	1	0	0
2161	20	0	0	0
3399	14	0	0	0
2954	21	0	0	0
2912	19	1	0	0
2418	7	1	2	0
4525	8	2	0	0
3130	10	0	2	0
2020	20	1	0	0
31042	4	3	4	1
3829	21	0	0	0
26676	23	2	4	1
2729	15	0	0	0
4377	14	0	0	0
56548	1	2	3	1
29114	0	3	4	1
1806	18	0	0	0
688	15	0	0	0
3992	22	1	0	0
1508	7	1	0	0
54122	0	3	4	1
3385	12	0	0	0
2167	12	1	2	0
1223	6	0	1	0
4956	7	1	0	0
1384	9	0	0	0
3528	10	0	0	0
45335	4	3	3	1
28255	0	2	2	1
4643	19	2	1	0
2623	17	2	0	0
374	7	1	0	0
2999	21	1	0	0
16915	2	3	4	1
4607	16	0	0	0
22327	23	3	3	1
3812	22	1	0	0
1572	10	1	0	0
2316	8	0	1	0
4341	8	0	0	0
2522	12	1	0	0
1758	6	0	1	0
1748	21	0	2	0
3538	17	1	0	0
56097	1	2	4	1
2023	18	1	0	0
1256	22	0	2	0
932	17	0	0	0
4395	13	0	1	0
58601	4	3	3	1
4202	19	0	1	0
2539	17	1	0	0
2605	16	0	0	0
4001	18	0	0	0
3594	22	1	2	0
3485	14	1	1	0
25938	0	3	4	1
1191	19	0	0	0
1040	15	2	1	0
39191	4	3	3	1
3811	16	0	0	0
586	8	0	0	0
1686	13	0	0	0
2945	16	0	1	0
2001	8	0	0	0
4893	12	0	0	0
1184	11	0	0	0
3157	11	0	0	0
1897	18	1	1	0
28141	0	3	4	1
2757	22	0	0	0
2285	8	0	0	0
851	13	0	1	0
1469	17	0	0	0
1598	12	0	0	0
1294	21	1	0	0
13547	3	3	3	1
2670	11	0	0	0
4123	22	0	1	0
2431	11	1	0	0
792	14	0	0	0
4806	12	0	0	0
1572	19	2	0	0
3952	16	0	0	0
53157	2	2	3	1
2096	22	0	2	0
36937	1	2	4	1
42660	3	2	4	1
2345	7	1	1	0
3985	14	0	0	0
36881	2	3	2	1
3684	8	0	0	0
53094	2	3	2	1
3572	13	0	2	0
3497	21	0	0	0
923	19	2	1	0
20736	3	3	4	1
240	19	0	0	0
27927	3	3	4	1
4358	7	2	0	0
1872	11	0	0	0
39985	0	2	4	1
45171	3	2	4	1
4192	10	0	0	0
646	7	0	0	0
1510	11	0	0	0
53047	1	3	4	1
2327	21	0	2	0
856	17	0	0	0
2907	16	1	2	0
2813	12	1	2	0
59467	0	2	4	1
3845	19	0	0	0
161	10	1	0	0
801	14	1	2	0
32961	0	3	4	1
138	21	1	2	0
2396	17	0	1	0
649	22	0	0	0
3515	15	1	0	0
273	7	1	0	0
21704	1	2	4	1
51651	2	2	4	1
1947	18	1	2	0
3297	14	1	1	0
3340	21	0	1	0
45515	0	3	3	1
3762	18	0	1	0
804	7	1	0	0
42728	3	3	2	1
45604	23	3	4	1
53920	2	2	3	1
394	13	0	1	0
3920	10	2	0	0
2067	14	1	1	0
1186	11	0	0	0
26013	1	2	2	1
1974	15	0	0	0
480	19	1	0	0
4652	22	0	0	0
3724	15	0	0	0
3678	7	0	0	0
1376	13	1	0	0
4683	19	1	2	0
446	8	1	0	0
14056	1	3	2	1
4384	15	2	0	0
914	6	1	1	0
3038	18	1	0	0
3209	6	1	0	0
1408	18	1	0	0
3916	9	0	0	0
3412	22	0	0	0
2622	16	1	0	0
29064	1	3	4	1
4650	18	0	0	0
14383	3	2	3	1
600	20	1	1	0
2336	18	0	2	0
4373	13	1	0	0
1013	12	0	0	0
17795	1	3	4	1
119	16	0	2	0
329	18	0	0	0
1658	10	0	0	0
3939	22	0	0	0
29662	2	2	3	1
846	8	1	0	0
3521	11	0	0	0
3532	19	0	0	0
39493	4	3	2	1
872	10	0	0	0
112	21	1	0	0
33451	2	3	2	1
47830	3	3	3	1
11726	3	3	2	1
24528	23	3	2	1
24520	0	2	4	1
3764	13	2	0	0
4637	15	1	1	0
4571	12	2	2	0
4179	7	0	0	0
18483	0	2	2	1
4292	21	0	0	0
24179	1	3	3	1
29927	1	2	4	1
3048	19	0	0	0
2537	6	0	0	0
2517	22	0	0	0
2119	22	1	0	0
2517	10	1	0	0
2145	15	1	0	0
2759	6	0	1	0
3745	8	0	1	0
39226	0	3	3	1
3531	8	1	0	0
319	22	1	2	0
3023	8	0	0	0
586	17	1	1	0
1032	7	0	0	0
4134	9	1	1	0
2135	18	1	0	0
1397	19	1	0	0
41652	3	2	4	1
4219	9	0	0	0
29683	0	2	4	1
1136	12	0	0	0
1784	12	1	0	0
57377	0	3	4	1
19651	3	3	4	1
4621	13	0	1	0
30450	0	2	4	1
3515	15	0	2	0
4554	9	0	0	0
682	19	0	0	0
45635	2	3	4	1
700	12	0	0	0
816	11	2	0	0
724	7	1	1	0
3295	14	0	1	0
53116	3	3	3	1
324	7	1	1	0
307	18	1	1	0
591	19	1	0	0
934	16	0	0	0
55084	0	2	4	1
1628	6	0	0	0
23222	1	3	4	1
1236	14	0	0	0
968	8	2	0	0
3880	6	0	0	0
625	14	0	2	0
3853	18	1	0	0
3513	9	1	0	0
316	17	0	0	0
2402	7	0	0	0
51018	4	2	3	1
848	15	0	0	0
287	6	1	0	0
4028	12	0	0	0
751	16	1	1	0
825	16	1	0	0
4363	12	1	1	0
41892	2	3	4	1
4884	11	1	0	0
2271	9	0	0	0
3256	6	0	0	0
2667	10	1	1	0
3250	8	0	0	0
2474	21	1	0	0
19031	2	3	3	1
15207	3	3	2	1
4558	18	1	0	0
4672	19	0	0	0
2854	9	1	0	0
2052	22	0	0	0
447	22	1	2	0
2486	22	0	0	0
688	9	0	0	0
2908	22	0	0	0
785	18	0	0	0
847	15	0	1	0
1799	8	1	0	0
54443	2	3	2	1
3155	14	0	0	0
4719	13	0	0	0
1566	11	0	0	0
1160	12	1	0	0
2088	10	1	1	0
297	15	1	1	0
50500	4	3	3	1
1132	16	0	0	0
58268	1	2	4	1
3593	21	1	0	0
45041	1	3	2	1
35573	2	2	4	1
1682	16	1	1	0
49925	3	3	4	1
32117	4	3	3	1
52756	0	2	4	1
4914	11	0	0	0
411	6	0	0	0
1408	22	0	0	0
4911	21	0	0	0
3448	16	0	0	0
51601	3	3	3	1
359	14	0	1	0
2149	14	0	0	0
226	15	0	1	0
2579	11	1	0	0
345	19	0	0	0
1429	17	1	1	0
3763	11	1	0	0
3034	7	0	0	0
1600	19	0	0	0
50206	1	2	3	1
1112	12	0	2	0
222	20	0	0	0
362	10	0	0	0
2828	16	0	0	0
2140	7	1	0	0
3573	21	0	0	0
2611	21	2	0	0
37195	4	3	4	1
2943	14	1	0	0
1943	12	1	0	0
4136	15	2	0	0
11270	0	2	4	1
900	6	0	2	0
58203	2	3	4	1
33988	3	2	3	1
2133	21	1	0	0
1606	7	1	0	0
3851	14	0	0	0
790	8	0	0	0
3048	18	0	0	0
3537	16	0	0	0
1571	16	2	0	0
24596	3	3	4	1
3274	21	1	1	0
2464	8	0	0	0
2848	17	2	0	0
47086	2	3	4	1
10107	0	2	3	1
3691	20	0	1	0
350	12	0	0	0
4992	22	1	0	0
3209	17	2	0	0
35020	23	2	4	1
4622	21	0	0	0
1209	17	0	0	0
50111	0	3	4	1
2475	10	0	0	0
2611	13	2	0	0
55450	3	3	4	1
32014	0	3	4	1
52086	2	3	4	1
1396	21	2	2	0
700	18	0	0	0
4901	18	1	0	0
938	11	0	0	0
33418	0	3	4	1
4267	22	0	0	0
37675	2	2	3	1
44060	2	2	4	1
3572	21	2	0	0
2902	21	1	0	0
991	15	0	0	0
1837	15	0	0	0
1254	17	0	1	0
2537	16	1	0	0
3660	15	0	0	0
4503	12	0	2	0
878	14	0	0	0
193	16	0	0	0
1027	20	0	1	0
1042	16	1	0	0
35819	4	3	4	1
3759	7	0	0	0
3671	13	1	0	0
1299	10	0	0	0
1716	19	0	0	0
28130	0	3	4	1
3963	12	1	1	0
276	13	1	0	0
1988	6	1	0	0
32999	0	2	4	1
4935	22	0	0	0
3769	13	1	0	0
3235	17	0	0	0
55885	2	3	2	1
30031	1	2	3	1
41985	0	2	2	1
2206	8	0	1	0
1793	7	0	0	0
2761	6	0	0	0
26118	2	2	4	1
3671	16	1	0	0
37668	0	3	2	1
804	12	1	0	0
2288	21	0	0	0
4274	8	1	0	0
3533	11	0	0	0
18190	0	2	4	1
4683	13	0	1	0
1464	17	1	0	0
3707	6	2	0	0
1819	9	0	0	0
2805	14	2	1	0
12098	0	3	4	1
3496	10	1	0	0
4277	21	1	0	0
3861	12	0	0	0
36433	0	3	3	1
30141	23	3	4	1
17746	3	3	2	1
3384	11	1	0	0
3053	22	1	0	0
1980	20	0	0	0
1066	12	0	0	0
2420	8	2	0	0
898	13	2	0	0
4908	13	0	0	0
4235	18	0	2	0
1496	20	0	0	0
19407	23	3	4	1
3647	16	1	0	0
16575	0	3	4	1
27561	2	3	2	1
26315	2	2	3	1
555	21	0	0	0
4743	17	1	0	0
4964	10	0	2	0
4786	12	0	2	0
825	7	0	0	0
1033	9	0	0	0
846	17	0	0	0
4641	14	0	1	0
23604	3	3	4	1
1185	12	1	0	0
25580	3	3	2	1
2846	19	0	1	0
3817	12	1	1	0
4820	19	0	0	0
3724	6	0	0	0
4900	17	0	0	0
1523	11	0	2	0
1269	20	0	0	0
31802	0	3	4	1
4402	15	0	2	0
1283	8	2	0	0
14992	0	2	4	1
3928	18	0	1	0
1296	16	2	0	0
2116	19	2	0	0
358	12	0	1	0
4347	20	0	1	0
35078	0	3	4	1
4960	6	0	1	0
30150	2	3	4	1
46100	0	3	2	1
647	19	1	0	0
843	14	2	2	0
810	7	1	0	0
4713	20	2	1	0
3179	14	0	2	0
3013	11	0	1	0
2549	11	0	0	0
2043	19	0	1	0
1776	22	0	1	0
3187	21	0	1	0
4694	21	2	0	0
3425	14	0	0	0
57920	1	3	4	1
494	7	1	1	0
1277	18	1	0	0
4406	10	0	1	0
172	21	0	0	0
3815	6	1	0	0
38243	23	3	3	1
22673	2	2	4	1
1481	19	0	0	0
56966	3	2	3	1
4592	6	0	0	0
32102	0	2	2	1
1209	15	0	0	0
2521	11	1	0	0
13569	4	2	4	1
4952	17	0	1	0
2660	19	0	2	0
286	13	0	0	0
3688	10	1	0	0
358	17	0	0	0
2411	19	1	0	0
25195	1	3	4	1
1707	9	0	0	0
33063	1	3	4	1
4290	14	1	0	0
3435	9	1	2	0
234	18	2	0	0
3060	17	0	0	0
1902	18	1	0	0
3083	13	0	1	0
2015	11	1	1	0
2345	18	2	0	0
2575	12	1	0	0
963	14	0	0	0
3473	21	0	0	0
405	8	0	0	0
3125	21	0	1	0
905	7	1	0	0
4748	13	1	0	0
2124	8	1	1	0
59859	3	3	4	1
3984	16	0	0	0
1024	22	1	0	0
2587	9	0	0	0
55336	23	3	3	1
1827	13	2	1	0
30270	1	3	4	1
1559	17	0	1	0
4696	20	0	2	0
367	19	0	2	0
992	6	0	0	0
53266	3	2	4	1
3083	14	0	1	0
4433	14	1	1	0
1355	12	0	1	0
4933	10	0	0	0
3448	9	0	0	0
1141	16	0	1	0
381	11	0	0	0
2023	15	0	0	0
4838	16	1	0	0
2586	18	0	0	0
3050	15	0	1	0
1773	22	1	0	0
3715	9	0	2	0
1509	21	0	2	0
3779	6	2	0	0
3268	14	0	1	0
2888	16	1	2	0
550	11	0	0	0
2057	8	2	0	0
27979	23	3	4	1
4306	7	1	2	0
3547	7	0	0	0
3335	14	1	0	0
678	22	0	0	0
1077	18	0	0	0
2971	7	2	1	0
1904	13	1	0	0
240	6	0	0	0
4634	10	0	0	0
11076	1	3	2	1
1851	9	0	0	0
4464	22	1	0	0
4835	8	0	0	0
3494	10	0	1	0
1350	12	0	0	0
390	13	0	1	0
1734	12	0	0	0
33553	0	3	4	1
3389	18	0	2	0
4364	9	0	0	0
1629	11	0	0	0
4563	18	0	2	0
348	7	1	0	0
10236	2	2	3	1
4912	13	0	1	0
2641	10	0	0	0
2839	19	1	0	0
4334	22	1	1	0
430	16	0	0	0
29898	0	3	4	1
2167	6	1	0	0
1215	18	2	0	0
3228	16	0	1	0
4028	6	0	2	0
4091	7	0	0	0
2493	6	0	2	0
1370	7	0	0	0
52249	23	3	3	1
2161	15	2	1	0
1626	17	1	0	0
2819	10	0	0	0
35861	2	3	4	1
4271	11	0	2	0
4937	8	0	1	0
4537	8	1	0	0
25205	23	3	4	1
3492	21	0	1	0
1972	18	0	0	0
3884	11	0	1	0
4975	17	0	1	0
3113	18	1	0	0
3388	7	0	0	0
2028	16	1	0	0
32058	0	2	3	1
3200	10	1	0	0
609	14	0	0	0
1982	11	0	0	0
30148	3	3	3	1
53024	0	3	4	1
44679	4	3	4	1
2370	15	1	0	0
4980	19	0	2	0
544	12	0	2	0
3881	17	0	0	0
4481	9	2	0	0
1954	16	0	0	0
4670	14	1	2	0
930	8	0	2	0
1944	20	2	2	0
4116	17	2	1	0
41591	3	3	4	1
3501	6	1	1	0
26420	1	3	4	1
2185	20	2	0	0
2034	20	1	1	0
494	19	1	0	0
4693	8	0	1	0
1904	13	0	1	0
27281	0	3	4	1
3317	14	1	0	0
4957	8	1	0	0
1920	13	0	0	0
3444	7	1	1	0
748	14	2	1	0
2150	22	0	0	0
2066	19	0	0	0
1864	7	0	0	0
1640	15	0	0	0
11789	4	3	2	1
4834	16	1	0	0
2674	18	1	0	0
4835	9	0	0	0
3496	7	0	1	0
4053	8	0	2	0
13477	0	3	2	1
4228	16	2	2	0
4855	9	0	0	0
3718	10	1	0	0
3639	17	2	0	0
2033	8	0	0	0
2775	8	0	0	0
1085	20	1	0	0
4104	19	0	0	0
32311	3	3	4	1
3134	8	0	1	0
181	6	1	0	0
15590	0	3	4	1
4140	12	0	1	0
3891	10	1	0	0
4948	11	0	0	0
12154	4	2	3	1
2710	6	0	0	0
686	6	0	2	0
4454	22	1	2	0
13035	1	3	2	1
2512	13	0	0	0
4900	19	1	0	0
1926	15	1	1	0
34156	0	2	4	1
374	8	0	0	0
4705	17	1	0	0
1257	13	0	1	0
3956	16	2	1	0
1913	17	1	0	0
4028	18	0	2	0
932	19	2	0	0
28126	2	2	3	1
4533	22	1	0	0
4083	7	0	2	0
819	22	1	0	0
3747	16	1	1	0
3714	10	0	0	0
129	12	1	0	0
2131	8	0	0	0
3271	9	2	1	0
57620	2	3	3	1
386	15	1	0	0
4204	22	1	0	0
2734	8	0	0	0
1998	17	1	0	0
4557	22	0	1	0
2662	22	0	0	0
3392	20	0	0	0
1590	11	0	1	0
3333	21	0	0	0
4707	20	1	0	0
586	10	1	0	0
49785	0	3	3	1
1345	18	1	0	0
1982	15	1	0	0
33219	0	2	4	1
1638	7	1	0	0
12095	0	3	3	1
2512	21	0	1	0
1427	18	1	0	0
3118	9	0	2	0
19627	2	3	3	1
810	15	1	0	0
2164	13	1	0	0
4103	10	0	1	0
1258	9	1	0	0
3255	7	0	0	0
59766	0	3	4	1
3779	14	0	2	0
1275	12	0	0	0
4719	7	0	1	0
3216	15	1	2	0
923	21	0	0	0
602	11	1	0	0
4854	12	0	1	0
10729	2	3	3	1
1023	22	1	0	0
1385	8	0	0	0
4922	18	2	0	0
1619	8	2	0	0
955	16	1	2	0
3917	11	0	0	0
3537	11	0	0	0
4438	21	0	0	0
47449	0	3	3	1
40360	2	3	3	1
2695	17	0	2	0
403	10	1	2	0
4490	18	1	1	0
1742	14	0	1	0
3312	11	0	0	0
3520	16	0	0	0
2927	21	0	2	0
1030	20	1	2	0
2284	21	1	0	0
3731	22	0	0	0
1644	8	0	1	0
57342	1	2	2	1
3321	21	2	0	0
1242	13	1	0	0
2936	8	1	0	0
2523	14	0	0	0
1318	6	0	0	0
4901	12	0	0	0
3399	7	2	1	0
4977	8	1	0	0
2344	15	0	0	0
1168	18	2	0	0
24091	3	3	4	1
2059	6	0	0	0
834	8	0	0	0
2810	7	0	0	0
922	9	0	1	0
894	9	0	0	0
4701	13	0	0	0
3872	19	0	0	0
1214	14	0	0	0
38967	23	3	4	1
103	15	0	0	0
54161	4	3	4	1
4833	22	0	0	0
2908	14	0	0	0
10191	2	2	2	1
3801	15	0	0	0
2604	14	1	1	0
4137	17	0	0	0
1982	6	0	0	0
15194	0	3	3	1
2512	11	1	0	0
2856	12	0	0	0
2946	14	0	2	0
3829	21	0	0	0
2466	15	2	0	0
27859	3	3	2	1
59338	0	3	3	1
590	20	0	0	0
3289	18	1	2	0
4688	15	1	1	0
204	16	1	2	0
652	17	0	0	0
255	15	0	0	0
24950	3	3	4	1
3173	11	0	0	0
3967	12	1	1	0
3320	21	1	0	0
2356	21	0	0	0
42144	1	3	2	1
102	13	0	1	0
2468	16	0	2	0
788	10	0	0	0
22780	0	2	2	1
406	18	0	1	0
27914	3	3	3	1
4086	11	0	0	0
4260	19	1	0	0
3327	17	0	0	0
4676	19	0	0	0
3633	20	0	0	0
3720	21	0	1	0
2270	13	2	0	0
2400	22	0	0	0
644	15	1	0	0
2940	15	1	0	0
1420	8	0	2	0
57408	2	3	4	1
52443	3	3	4	1
4477	11	0	0	0
1834	7	0	0	0
2205	9	2	2	0
599	21	0	0	0
12747	4	3	2	1
3546	7	0	1	0
4646	13	0	1	0
150	7	1	0	0
804	19	0	0	0
911	18	2	0	0
55224	23	3	3	1
455	20	1	0	0
738	7	0	1	0
831	7	1	0	0
4652	19	0	0	0
